id,type_id,group_id,lv,total_exp
100,101,1,1,0
101,101,1,2,100
102,101,1,3,200
103,101,1,4,300
104,101,1,5,400
105,101,1,6,500
106,101,1,7,600
107,101,1,8,700
108,101,1,9,800
109,101,1,10,900
110,101,1,11,1000
111,101,1,12,1100
112,101,1,13,1200
113,101,1,14,1300
114,101,1,15,1400
115,101,1,16,1500
116,101,1,17,1600
117,101,1,18,1700
118,101,1,19,1800
119,101,1,20,1900
120,101,1,21,2000
121,101,1,22,2100
122,101,1,23,2200
123,101,1,24,2300
124,101,1,25,2400
125,101,1,26,2500
126,101,1,27,2600
127,101,1,28,2700
128,101,1,29,2800
129,101,1,30,2900
130,101,1,31,3000
131,101,1,32,3100
132,101,1,33,3200
133,101,1,34,3300
134,101,1,35,3400
135,101,1,36,3500
136,101,1,37,3600
137,101,1,38,3700
138,101,1,39,3800
139,101,1,40,3900
140,101,1,41,4000
141,101,1,42,4100
142,101,1,43,4200
143,101,1,44,4300
144,101,1,45,4400
145,101,1,46,4500
146,101,1,47,4600
147,101,1,48,4700
148,101,1,49,4800
149,101,1,50,4900
150,101,1,51,5000
151,101,1,52,5100
152,101,1,53,5200
153,101,1,54,5300
154,101,1,55,5400
155,101,1,56,5500
156,101,1,57,5600
157,101,1,58,5700
158,101,1,59,5800
159,101,1,60,5900
160,101,1,61,6000
161,101,1,62,6100
162,101,1,63,6200
163,101,1,64,6300
164,101,1,65,6400
165,101,1,66,6500
166,101,1,67,6600
167,101,1,68,6700
168,101,1,69,6800
169,101,1,70,6900
170,101,1,71,7000
171,101,1,72,7100
172,101,1,73,7200
173,101,1,74,7300
174,101,1,75,7400
175,101,1,76,7500
176,101,1,77,7600
177,101,1,78,7700
178,101,1,79,7800
179,101,1,80,7900
180,101,1,81,8000
181,101,1,82,8100
182,101,1,83,8200
183,101,1,84,8300
184,101,1,85,8400
185,101,1,86,8500
186,101,1,87,8600
187,101,1,88,8700
188,101,1,89,8800
189,101,1,90,8900
190,101,1,91,9000
191,101,1,92,9100
192,101,1,93,9200
193,101,1,94,9300
194,101,1,95,9400
195,101,1,96,9500
196,101,1,97,9600
197,101,1,98,9700
198,101,1,99,9800
199,101,2,1,0
200,101,2,2,100
201,101,2,3,200
202,101,2,4,300
203,101,2,5,400
204,101,2,6,500
205,101,2,7,600
206,101,2,8,700
207,101,2,9,800
208,101,2,10,900
209,101,2,11,1000
210,101,2,12,1100
211,101,2,13,1200
212,101,2,14,1300
213,101,2,15,1400
214,101,2,16,1500
215,101,2,17,1600
216,101,2,18,1700
217,101,2,19,1800
218,101,2,20,1900
219,101,2,21,2000
220,101,2,22,2100
221,101,2,23,2200
222,101,2,24,2300
223,101,2,25,2400
224,101,2,26,2500
225,101,2,27,2600
226,101,2,28,2700
227,101,2,29,2800
228,101,2,30,2900
229,101,2,31,3000
230,101,2,32,3100
231,101,2,33,3200
232,101,2,34,3300
233,101,2,35,3400
234,101,2,36,3500
235,101,2,37,3600
236,101,2,38,3700
237,101,2,39,3800
238,101,2,40,3900
239,101,2,41,4000
240,101,2,42,4100
241,101,2,43,4200
242,101,2,44,4300
243,101,2,45,4400
244,101,2,46,4500
245,101,2,47,4600
246,101,2,48,4700
247,101,2,49,4800
248,101,2,50,4900
249,101,2,51,5000
250,101,2,52,5100
251,101,2,53,5200
252,101,2,54,5300
253,101,2,55,5400
254,101,2,56,5500
255,101,2,57,5600
256,101,2,58,5700
257,101,2,59,5800
258,101,2,60,5900
259,101,2,61,6000
260,101,2,62,6100
261,101,2,63,6200
262,101,2,64,6300
263,101,2,65,6400
264,101,2,66,6500
265,101,2,67,6600
266,101,2,68,6700
267,101,2,69,6800
268,101,2,70,6900
269,101,2,71,7000
270,101,2,72,7100
271,101,2,73,7200
272,101,2,74,7300
273,101,2,75,7400
274,101,2,76,7500
275,101,2,77,7600
276,101,2,78,7700
277,101,2,79,7800
278,101,2,80,7900
279,101,2,81,8000
280,101,2,82,8100
281,101,2,83,8200
282,101,2,84,8300
283,101,2,85,8400
284,101,2,86,8500
285,101,2,87,8600
286,101,2,88,8700
287,101,2,89,8800
288,101,2,90,8900
289,101,2,91,9000
290,101,2,92,9100
291,101,2,93,9200
292,101,2,94,9300
293,101,2,95,9400
294,101,2,96,9500
295,101,2,97,9600
296,101,2,98,9700
297,101,2,99,9800
298,101,3,1,0
299,101,3,2,100
300,101,3,3,200
301,101,3,4,300
302,101,3,5,400
303,101,3,6,500
304,101,3,7,600
305,101,3,8,700
306,101,3,9,800
307,101,3,10,900
308,101,3,11,1000
309,101,3,12,1100
310,101,3,13,1200
311,101,3,14,1300
312,101,3,15,1400
313,101,3,16,1500
314,101,3,17,1600
315,101,3,18,1700
316,101,3,19,1800
317,101,3,20,1900
318,101,3,21,2000
319,101,3,22,2100
320,101,3,23,2200
321,101,3,24,2300
322,101,3,25,2400
323,101,3,26,2500
324,101,3,27,2600
325,101,3,28,2700
326,101,3,29,2800
327,101,3,30,2900
328,101,3,31,3000
329,101,3,32,3100
330,101,3,33,3200
331,101,3,34,3300
332,101,3,35,3400
333,101,3,36,3500
334,101,3,37,3600
335,101,3,38,3700
336,101,3,39,3800
337,101,3,40,3900
338,101,3,41,4000
339,101,3,42,4100
340,101,3,43,4200
341,101,3,44,4300
342,101,3,45,4400
343,101,3,46,4500
344,101,3,47,4600
345,101,3,48,4700
346,101,3,49,4800
347,101,3,50,4900
348,101,3,51,5000
349,101,3,52,5100
350,101,3,53,5200
351,101,3,54,5300
352,101,3,55,5400
353,101,3,56,5500
354,101,3,57,5600
355,101,3,58,5700
356,101,3,59,5800
357,101,3,60,5900
358,101,3,61,6000
359,101,3,62,6100
360,101,3,63,6200
361,101,3,64,6300
362,101,3,65,6400
363,101,3,66,6500
364,101,3,67,6600
365,101,3,68,6700
366,101,3,69,6800
367,101,3,70,6900
368,101,3,71,7000
369,101,3,72,7100
370,101,3,73,7200
371,101,3,74,7300
372,101,3,75,7400
373,101,3,76,7500
374,101,3,77,7600
375,101,3,78,7700
376,101,3,79,7800
377,101,3,80,7900
378,101,3,81,8000
379,101,3,82,8100
380,101,3,83,8200
381,101,3,84,8300
382,101,3,85,8400
383,101,3,86,8500
384,101,3,87,8600
385,101,3,88,8700
386,101,3,89,8800
387,101,3,90,8900
388,101,3,91,9000
389,101,3,92,9100
390,101,3,93,9200
391,101,3,94,9300
392,101,3,95,9400
393,101,3,96,9500
394,101,3,97,9600
395,101,3,98,9700
396,101,3,99,9800
397,101,4,1,0
398,101,4,2,100
399,101,4,3,200
400,101,4,4,300
401,101,4,5,400
402,101,4,6,500
403,101,4,7,600
404,101,4,8,700
405,101,4,9,800
406,101,4,10,900
407,101,4,11,1000
408,101,4,12,1100
409,101,4,13,1200
410,101,4,14,1300
411,101,4,15,1400
412,101,4,16,1500
413,101,4,17,1600
414,101,4,18,1700
415,101,4,19,1800
416,101,4,20,1900
417,101,4,21,2000
418,101,4,22,2100
419,101,4,23,2200
420,101,4,24,2300
421,101,4,25,2400
422,101,4,26,2500
423,101,4,27,2600
424,101,4,28,2700
425,101,4,29,2800
426,101,4,30,2900
427,101,4,31,3000
428,101,4,32,3100
429,101,4,33,3200
430,101,4,34,3300
431,101,4,35,3400
432,101,4,36,3500
433,101,4,37,3600
434,101,4,38,3700
435,101,4,39,3800
436,101,4,40,3900
437,101,4,41,4000
438,101,4,42,4100
439,101,4,43,4200
440,101,4,44,4300
441,101,4,45,4400
442,101,4,46,4500
443,101,4,47,4600
444,101,4,48,4700
445,101,4,49,4800
446,101,4,50,4900
447,101,4,51,5000
448,101,4,52,5100
449,101,4,53,5200
450,101,4,54,5300
451,101,4,55,5400
452,101,4,56,5500
453,101,4,57,5600
454,101,4,58,5700
455,101,4,59,5800
456,101,4,60,5900
457,101,4,61,6000
458,101,4,62,6100
459,101,4,63,6200
460,101,4,64,6300
461,101,4,65,6400
462,101,4,66,6500
463,101,4,67,6600
464,101,4,68,6700
465,101,4,69,6800
466,101,4,70,6900
467,101,4,71,7000
468,101,4,72,7100
469,101,4,73,7200
470,101,4,74,7300
471,101,4,75,7400
472,101,4,76,7500
473,101,4,77,7600
474,101,4,78,7700
475,101,4,79,7800
476,101,4,80,7900
477,101,4,81,8000
478,101,4,82,8100
479,101,4,83,8200
480,101,4,84,8300
481,101,4,85,8400
482,101,4,86,8500
483,101,4,87,8600
484,101,4,88,8700
485,101,4,89,8800
486,101,4,90,8900
487,101,4,91,9000
488,101,4,92,9100
489,101,4,93,9200
490,101,4,94,9300
491,101,4,95,9400
492,101,4,96,9500
493,101,4,97,9600
494,101,4,98,9700
495,101,4,99,9800
496,101,5,1,0
497,101,5,2,100
498,101,5,3,200
499,101,5,4,300
500,101,5,5,400
501,101,5,6,500
502,101,5,7,600
503,101,5,8,700
504,101,5,9,800
505,101,5,10,900
506,101,5,11,1000
507,101,5,12,1100
508,101,5,13,1200
509,101,5,14,1300
510,101,5,15,1400
511,101,5,16,1500
512,101,5,17,1600
513,101,5,18,1700
514,101,5,19,1800
515,101,5,20,1900
516,101,5,21,2000
517,101,5,22,2100
518,101,5,23,2200
519,101,5,24,2300
520,101,5,25,2400
521,101,5,26,2500
522,101,5,27,2600
523,101,5,28,2700
524,101,5,29,2800
525,101,5,30,2900
526,101,5,31,3000
527,101,5,32,3100
528,101,5,33,3200
529,101,5,34,3300
530,101,5,35,3400
531,101,5,36,3500
532,101,5,37,3600
533,101,5,38,3700
534,101,5,39,3800
535,101,5,40,3900
536,101,5,41,4000
537,101,5,42,4100
538,101,5,43,4200
539,101,5,44,4300
540,101,5,45,4400
541,101,5,46,4500
542,101,5,47,4600
543,101,5,48,4700
544,101,5,49,4800
545,101,5,50,4900
546,101,5,51,5000
547,101,5,52,5100
548,101,5,53,5200
549,101,5,54,5300
550,101,5,55,5400
551,101,5,56,5500
552,101,5,57,5600
553,101,5,58,5700
554,101,5,59,5800
555,101,5,60,5900
556,101,5,61,6000
557,101,5,62,6100
558,101,5,63,6200
559,101,5,64,6300
560,101,5,65,6400
561,101,5,66,6500
562,101,5,67,6600
563,101,5,68,6700
564,101,5,69,6800
565,101,5,70,6900
566,101,5,71,7000
567,101,5,72,7100
568,101,5,73,7200
569,101,5,74,7300
570,101,5,75,7400
571,101,5,76,7500
572,101,5,77,7600
573,101,5,78,7700
574,101,5,79,7800
575,101,5,80,7900
576,101,5,81,8000
577,101,5,82,8100
578,101,5,83,8200
579,101,5,84,8300
580,101,5,85,8400
581,101,5,86,8500
582,101,5,87,8600
583,101,5,88,8700
584,101,5,89,8800
585,101,5,90,8900
586,101,5,91,9000
587,101,5,92,9100
588,101,5,93,9200
589,101,5,94,9300
590,101,5,95,9400
591,101,5,96,9500
592,101,5,97,9600
593,101,5,98,9700
594,101,5,99,9800
595,101,6,1,0
596,101,6,2,100
597,101,6,3,200
598,101,6,4,300
599,101,6,5,400
600,101,6,6,500
601,101,6,7,600
602,101,6,8,700
603,101,6,9,800
604,101,6,10,900
605,101,6,11,1000
606,101,6,12,1100
607,101,6,13,1200
608,101,6,14,1300
609,101,6,15,1400
610,101,6,16,1500
611,101,6,17,1600
612,101,6,18,1700
613,101,6,19,1800
614,101,6,20,1900
615,101,6,21,2000
616,101,6,22,2100
617,101,6,23,2200
618,101,6,24,2300
619,101,6,25,2400
620,101,6,26,2500
621,101,6,27,2600
622,101,6,28,2700
623,101,6,29,2800
624,101,6,30,2900
625,101,6,31,3000
626,101,6,32,3100
627,101,6,33,3200
628,101,6,34,3300
629,101,6,35,3400
630,101,6,36,3500
631,101,6,37,3600
632,101,6,38,3700
633,101,6,39,3800
634,101,6,40,3900
635,101,6,41,4000
636,101,6,42,4100
637,101,6,43,4200
638,101,6,44,4300
639,101,6,45,4400
640,101,6,46,4500
641,101,6,47,4600
642,101,6,48,4700
643,101,6,49,4800
644,101,6,50,4900
645,101,6,51,5000
646,101,6,52,5100
647,101,6,53,5200
648,101,6,54,5300
649,101,6,55,5400
650,101,6,56,5500
651,101,6,57,5600
652,101,6,58,5700
653,101,6,59,5800
654,101,6,60,5900
655,101,6,61,6000
656,101,6,62,6100
657,101,6,63,6200
658,101,6,64,6300
659,101,6,65,6400
660,101,6,66,6500
661,101,6,67,6600
662,101,6,68,6700
663,101,6,69,6800
664,101,6,70,6900
665,101,6,71,7000
666,101,6,72,7100
667,101,6,73,7200
668,101,6,74,7300
669,101,6,75,7400
670,101,6,76,7500
671,101,6,77,7600
672,101,6,78,7700
673,101,6,79,7800
674,101,6,80,7900
675,101,6,81,8000
676,101,6,82,8100
677,101,6,83,8200
678,101,6,84,8300
679,101,6,85,8400
680,101,6,86,8500
681,101,6,87,8600
682,101,6,88,8700
683,101,6,89,8800
684,101,6,90,8900
685,101,6,91,9000
686,101,6,92,9100
687,101,6,93,9200
688,101,6,94,9300
689,101,6,95,9400
690,101,6,96,9500
691,101,6,97,9600
692,101,6,98,9700
693,101,6,99,9800
694,101,7,1,0
695,101,7,2,100
696,101,7,3,200
697,101,7,4,300
698,101,7,5,400
699,101,7,6,500
700,101,7,7,600
701,101,7,8,700
702,101,7,9,800
703,101,7,10,900
704,101,7,11,1000
705,101,7,12,1100
706,101,7,13,1200
707,101,7,14,1300
708,101,7,15,1400
709,101,7,16,1500
710,101,7,17,1600
711,101,7,18,1700
712,101,7,19,1800
713,101,7,20,1900
714,101,7,21,2000
715,101,7,22,2100
716,101,7,23,2200
717,101,7,24,2300
718,101,7,25,2400
719,101,7,26,2500
720,101,7,27,2600
721,101,7,28,2700
722,101,7,29,2800
723,101,7,30,2900
724,101,7,31,3000
725,101,7,32,3100
726,101,7,33,3200
727,101,7,34,3300
728,101,7,35,3400
729,101,7,36,3500
730,101,7,37,3600
731,101,7,38,3700
732,101,7,39,3800
733,101,7,40,3900
734,101,7,41,4000
735,101,7,42,4100
736,101,7,43,4200
737,101,7,44,4300
738,101,7,45,4400
739,101,7,46,4500
740,101,7,47,4600
741,101,7,48,4700
742,101,7,49,4800
743,101,7,50,4900
744,101,7,51,5000
745,101,7,52,5100
746,101,7,53,5200
747,101,7,54,5300
748,101,7,55,5400
749,101,7,56,5500
750,101,7,57,5600
751,101,7,58,5700
752,101,7,59,5800
753,101,7,60,5900
754,101,7,61,6000
755,101,7,62,6100
756,101,7,63,6200
757,101,7,64,6300
758,101,7,65,6400
759,101,7,66,6500
760,101,7,67,6600
761,101,7,68,6700
762,101,7,69,6800
763,101,7,70,6900
764,101,7,71,7000
765,101,7,72,7100
766,101,7,73,7200
767,101,7,74,7300
768,101,7,75,7400
769,101,7,76,7500
770,101,7,77,7600
771,101,7,78,7700
772,101,7,79,7800
773,101,7,80,7900
774,101,7,81,8000
775,101,7,82,8100
776,101,7,83,8200
777,101,7,84,8300
778,101,7,85,8400
779,101,7,86,8500
780,101,7,87,8600
781,101,7,88,8700
782,101,7,89,8800
783,101,7,90,8900
784,101,7,91,9000
785,101,7,92,9100
786,101,7,93,9200
787,101,7,94,9300
788,101,7,95,9400
789,101,7,96,9500
790,101,7,97,9600
791,101,7,98,9700
792,101,7,99,9800
793,101,8,1,0
794,101,8,2,100
795,101,8,3,200
796,101,8,4,300
797,101,8,5,400
798,101,8,6,500
799,101,8,7,600
800,101,8,8,700
801,101,8,9,800
802,101,8,10,900
803,101,8,11,1000
804,101,8,12,1100
805,101,8,13,1200
806,101,8,14,1300
807,101,8,15,1400
808,101,8,16,1500
809,101,8,17,1600
810,101,8,18,1700
811,101,8,19,1800
812,101,8,20,1900
813,101,8,21,2000
814,101,8,22,2100
815,101,8,23,2200
816,101,8,24,2300
817,101,8,25,2400
818,101,8,26,2500
819,101,8,27,2600
820,101,8,28,2700
821,101,8,29,2800
822,101,8,30,2900
823,101,8,31,3000
824,101,8,32,3100
825,101,8,33,3200
826,101,8,34,3300
827,101,8,35,3400
828,101,8,36,3500
829,101,8,37,3600
830,101,8,38,3700
831,101,8,39,3800
832,101,8,40,3900
833,101,8,41,4000
834,101,8,42,4100
835,101,8,43,4200
836,101,8,44,4300
837,101,8,45,4400
838,101,8,46,4500
839,101,8,47,4600
840,101,8,48,4700
841,101,8,49,4800
842,101,8,50,4900
843,101,8,51,5000
844,101,8,52,5100
845,101,8,53,5200
846,101,8,54,5300
847,101,8,55,5400
848,101,8,56,5500
849,101,8,57,5600
850,101,8,58,5700
851,101,8,59,5800
852,101,8,60,5900
853,101,8,61,6000
854,101,8,62,6100
855,101,8,63,6200
856,101,8,64,6300
857,101,8,65,6400
858,101,8,66,6500
859,101,8,67,6600
860,101,8,68,6700
861,101,8,69,6800
862,101,8,70,6900
863,101,8,71,7000
864,101,8,72,7100
865,101,8,73,7200
866,101,8,74,7300
867,101,8,75,7400
868,101,8,76,7500
869,101,8,77,7600
870,101,8,78,7700
871,101,8,79,7800
872,101,8,80,7900
873,101,8,81,8000
874,101,8,82,8100
875,101,8,83,8200
876,101,8,84,8300
877,101,8,85,8400
878,101,8,86,8500
879,101,8,87,8600
880,101,8,88,8700
881,101,8,89,8800
882,101,8,90,8900
883,101,8,91,9000
884,101,8,92,9100
885,101,8,93,9200
886,101,8,94,9300
887,101,8,95,9400
888,101,8,96,9500
889,101,8,97,9600
890,101,8,98,9700
891,101,8,99,9800
892,101,9,1,0
893,101,9,2,100
894,101,9,3,200
895,101,9,4,300
896,101,9,5,400
897,101,9,6,500
898,101,9,7,600
899,101,9,8,700
900,101,9,9,800
901,101,9,10,900
902,101,9,11,1000
903,101,9,12,1100
904,101,9,13,1200
905,101,9,14,1300
906,101,9,15,1400
907,101,9,16,1500
908,101,9,17,1600
909,101,9,18,1700
910,101,9,19,1800
911,101,9,20,1900
912,101,9,21,2000
913,101,9,22,2100
914,101,9,23,2200
915,101,9,24,2300
916,101,9,25,2400
917,101,9,26,2500
918,101,9,27,2600
919,101,9,28,2700
920,101,9,29,2800
921,101,9,30,2900
922,101,9,31,3000
923,101,9,32,3100
924,101,9,33,3200
925,101,9,34,3300
926,101,9,35,3400
927,101,9,36,3500
928,101,9,37,3600
929,101,9,38,3700
930,101,9,39,3800
931,101,9,40,3900
932,101,9,41,4000
933,101,9,42,4100
934,101,9,43,4200
935,101,9,44,4300
936,101,9,45,4400
937,101,9,46,4500
938,101,9,47,4600
939,101,9,48,4700
940,101,9,49,4800
941,101,9,50,4900
942,101,9,51,5000
943,101,9,52,5100
944,101,9,53,5200
945,101,9,54,5300
946,101,9,55,5400
947,101,9,56,5500
948,101,9,57,5600
949,101,9,58,5700
950,101,9,59,5800
951,101,9,60,5900
952,101,9,61,6000
953,101,9,62,6100
954,101,9,63,6200
955,101,9,64,6300
956,101,9,65,6400
957,101,9,66,6500
958,101,9,67,6600
959,101,9,68,6700
960,101,9,69,6800
961,101,9,70,6900
962,101,9,71,7000
963,101,9,72,7100
964,101,9,73,7200
965,101,9,74,7300
966,101,9,75,7400
967,101,9,76,7500
968,101,9,77,7600
969,101,9,78,7700
970,101,9,79,7800
971,101,9,80,7900
972,101,9,81,8000
973,101,9,82,8100
974,101,9,83,8200
975,101,9,84,8300
976,101,9,85,8400
977,101,9,86,8500
978,101,9,87,8600
979,101,9,88,8700
980,101,9,89,8800
981,101,9,90,8900
982,101,9,91,9000
983,101,9,92,9100
984,101,9,93,9200
985,101,9,94,9300
986,101,9,95,9400
987,101,9,96,9500
988,101,9,97,9600
989,101,9,98,9700
990,101,9,99,9800
991,101,10,1,0
992,101,10,2,100
993,101,10,3,200
994,101,10,4,300
995,101,10,5,400
996,101,10,6,500
997,101,10,7,600
998,101,10,8,700
999,101,10,9,800
1000,101,10,10,900
1001,101,10,11,1000
1002,101,10,12,1100
1003,101,10,13,1200
1004,101,10,14,1300
1005,101,10,15,1400
1006,101,10,16,1500
1007,101,10,17,1600
1008,101,10,18,1700
1009,101,10,19,1800
1010,101,10,20,1900
1011,101,10,21,2000
1012,101,10,22,2100
1013,101,10,23,2200
1014,101,10,24,2300
1015,101,10,25,2400
1016,101,10,26,2500
1017,101,10,27,2600
1018,101,10,28,2700
1019,101,10,29,2800
1020,101,10,30,2900
1021,101,10,31,3000
1022,101,10,32,3100
1023,101,10,33,3200
1024,101,10,34,3300
1025,101,10,35,3400
1026,101,10,36,3500
1027,101,10,37,3600
1028,101,10,38,3700
1029,101,10,39,3800
1030,101,10,40,3900
1031,101,10,41,4000
1032,101,10,42,4100
1033,101,10,43,4200
1034,101,10,44,4300
1035,101,10,45,4400
1036,101,10,46,4500
1037,101,10,47,4600
1038,101,10,48,4700
1039,101,10,49,4800
1040,101,10,50,4900
1041,101,10,51,5000
1042,101,10,52,5100
1043,101,10,53,5200
1044,101,10,54,5300
1045,101,10,55,5400
1046,101,10,56,5500
1047,101,10,57,5600
1048,101,10,58,5700
1049,101,10,59,5800
1050,101,10,60,5900
1051,101,10,61,6000
1052,101,10,62,6100
1053,101,10,63,6200
1054,101,10,64,6300
1055,101,10,65,6400
1056,101,10,66,6500
1057,101,10,67,6600
1058,101,10,68,6700
1059,101,10,69,6800
1060,101,10,70,6900
1061,101,10,71,7000
1062,101,10,72,7100
1063,101,10,73,7200
1064,101,10,74,7300
1065,101,10,75,7400
1066,101,10,76,7500
1067,101,10,77,7600
1068,101,10,78,7700
1069,101,10,79,7800
1070,101,10,80,7900
1071,101,10,81,8000
1072,101,10,82,8100
1073,101,10,83,8200
1074,101,10,84,8300
1075,101,10,85,8400
1076,101,10,86,8500
1077,101,10,87,8600
1078,101,10,88,8700
1079,101,10,89,8800
1080,101,10,90,8900
1081,101,10,91,9000
1082,101,10,92,9100
1083,101,10,93,9200
1084,101,10,94,9300
1085,101,10,95,9400
1086,101,10,96,9500
1087,101,10,97,9600
1088,101,10,98,9700
1089,101,10,99,9800
1090,101,11,1,0
1091,101,11,2,100
1092,101,11,3,200
1093,101,11,4,300
1094,101,11,5,400
1095,101,11,6,500
1096,101,11,7,600
1097,101,11,8,700
1098,101,11,9,800
1099,101,11,10,900
1100,101,11,11,1000
1101,101,11,12,1100
1102,101,11,13,1200
1103,101,11,14,1300
1104,101,11,15,1400
1105,101,11,16,1500
1106,101,11,17,1600
1107,101,11,18,1700
1108,101,11,19,1800
1109,101,11,20,1900
1110,101,11,21,2000
1111,101,11,22,2100
1112,101,11,23,2200
1113,101,11,24,2300
1114,101,11,25,2400
1115,101,11,26,2500
1116,101,11,27,2600
1117,101,11,28,2700
1118,101,11,29,2800
1119,101,11,30,2900
1120,101,11,31,3000
1121,101,11,32,3100
1122,101,11,33,3200
1123,101,11,34,3300
1124,101,11,35,3400
1125,101,11,36,3500
1126,101,11,37,3600
1127,101,11,38,3700
1128,101,11,39,3800
1129,101,11,40,3900
1130,101,11,41,4000
1131,101,11,42,4100
1132,101,11,43,4200
1133,101,11,44,4300
1134,101,11,45,4400
1135,101,11,46,4500
1136,101,11,47,4600
1137,101,11,48,4700
1138,101,11,49,4800
1139,101,11,50,4900
1140,101,11,51,5000
1141,101,11,52,5100
1142,101,11,53,5200
1143,101,11,54,5300
1144,101,11,55,5400
1145,101,11,56,5500
1146,101,11,57,5600
1147,101,11,58,5700
1148,101,11,59,5800
1149,101,11,60,5900
1150,101,11,61,6000
1151,101,11,62,6100
1152,101,11,63,6200
1153,101,11,64,6300
1154,101,11,65,6400
1155,101,11,66,6500
1156,101,11,67,6600
1157,101,11,68,6700
1158,101,11,69,6800
1159,101,11,70,6900
1160,101,11,71,7000
1161,101,11,72,7100
1162,101,11,73,7200
1163,101,11,74,7300
1164,101,11,75,7400
1165,101,11,76,7500
1166,101,11,77,7600
1167,101,11,78,7700
1168,101,11,79,7800
1169,101,11,80,7900
1170,101,11,81,8000
1171,101,11,82,8100
1172,101,11,83,8200
1173,101,11,84,8300
1174,101,11,85,8400
1175,101,11,86,8500
1176,101,11,87,8600
1177,101,11,88,8700
1178,101,11,89,8800
1179,101,11,90,8900
1180,101,11,91,9000
1181,101,11,92,9100
1182,101,11,93,9200
1183,101,11,94,9300
1184,101,11,95,9400
1185,101,11,96,9500
1186,101,11,97,9600
1187,101,11,98,9700
1188,101,11,99,9800
1189,101,12,1,0
1190,101,12,2,100
1191,101,12,3,200
1192,101,12,4,300
1193,101,12,5,400
1194,101,12,6,500
1195,101,12,7,600
1196,101,12,8,700
1197,101,12,9,800
1198,101,12,10,900
1199,101,12,11,1000
1200,101,12,12,1100
1201,101,12,13,1200
1202,101,12,14,1300
1203,101,12,15,1400
1204,101,12,16,1500
1205,101,12,17,1600
1206,101,12,18,1700
1207,101,12,19,1800
1208,101,12,20,1900
1209,101,12,21,2000
1210,101,12,22,2100
1211,101,12,23,2200
1212,101,12,24,2300
1213,101,12,25,2400
1214,101,12,26,2500
1215,101,12,27,2600
1216,101,12,28,2700
1217,101,12,29,2800
1218,101,12,30,2900
1219,101,12,31,3000
1220,101,12,32,3100
1221,101,12,33,3200
1222,101,12,34,3300
1223,101,12,35,3400
1224,101,12,36,3500
1225,101,12,37,3600
1226,101,12,38,3700
1227,101,12,39,3800
1228,101,12,40,3900
1229,101,12,41,4000
1230,101,12,42,4100
1231,101,12,43,4200
1232,101,12,44,4300
1233,101,12,45,4400
1234,101,12,46,4500
1235,101,12,47,4600
1236,101,12,48,4700
1237,101,12,49,4800
1238,101,12,50,4900
1239,101,12,51,5000
1240,101,12,52,5100
1241,101,12,53,5200
1242,101,12,54,5300
1243,101,12,55,5400
1244,101,12,56,5500
1245,101,12,57,5600
1246,101,12,58,5700
1247,101,12,59,5800
1248,101,12,60,5900
1249,101,12,61,6000
1250,101,12,62,6100
1251,101,12,63,6200
1252,101,12,64,6300
1253,101,12,65,6400
1254,101,12,66,6500
1255,101,12,67,6600
1256,101,12,68,6700
1257,101,12,69,6800
1258,101,12,70,6900
1259,101,12,71,7000
1260,101,12,72,7100
1261,101,12,73,7200
1262,101,12,74,7300
1263,101,12,75,7400
1264,101,12,76,7500
1265,101,12,77,7600
1266,101,12,78,7700
1267,101,12,79,7800
1268,101,12,80,7900
1269,101,12,81,8000
1270,101,12,82,8100
1271,101,12,83,8200
1272,101,12,84,8300
1273,101,12,85,8400
1274,101,12,86,8500
1275,101,12,87,8600
1276,101,12,88,8700
1277,101,12,89,8800
1278,101,12,90,8900
1279,101,12,91,9000
1280,101,12,92,9100
1281,101,12,93,9200
1282,101,12,94,9300
1283,101,12,95,9400
1284,101,12,96,9500
1285,101,12,97,9600
1286,101,12,98,9700
1287,101,12,99,9800
1288,101,13,1,0
1289,101,13,2,100
1290,101,13,3,200
1291,101,13,4,300
1292,101,13,5,400
1293,101,13,6,500
1294,101,13,7,600
1295,101,13,8,700
1296,101,13,9,800
1297,101,13,10,900
1298,101,13,11,1000
1299,101,13,12,1100
1300,101,13,13,1200
1301,101,13,14,1300
1302,101,13,15,1400
1303,101,13,16,1500
1304,101,13,17,1600
1305,101,13,18,1700
1306,101,13,19,1800
1307,101,13,20,1900
1308,101,13,21,2000
1309,101,13,22,2100
1310,101,13,23,2200
1311,101,13,24,2300
1312,101,13,25,2400
1313,101,13,26,2500
1314,101,13,27,2600
1315,101,13,28,2700
1316,101,13,29,2800
1317,101,13,30,2900
1318,101,13,31,3000
1319,101,13,32,3100
1320,101,13,33,3200
1321,101,13,34,3300
1322,101,13,35,3400
1323,101,13,36,3500
1324,101,13,37,3600
1325,101,13,38,3700
1326,101,13,39,3800
1327,101,13,40,3900
1328,101,13,41,4000
1329,101,13,42,4100
1330,101,13,43,4200
1331,101,13,44,4300
1332,101,13,45,4400
1333,101,13,46,4500
1334,101,13,47,4600
1335,101,13,48,4700
1336,101,13,49,4800
1337,101,13,50,4900
1338,101,13,51,5000
1339,101,13,52,5100
1340,101,13,53,5200
1341,101,13,54,5300
1342,101,13,55,5400
1343,101,13,56,5500
1344,101,13,57,5600
1345,101,13,58,5700
1346,101,13,59,5800
1347,101,13,60,5900
1348,101,13,61,6000
1349,101,13,62,6100
1350,101,13,63,6200
1351,101,13,64,6300
1352,101,13,65,6400
1353,101,13,66,6500
1354,101,13,67,6600
1355,101,13,68,6700
1356,101,13,69,6800
1357,101,13,70,6900
1358,101,13,71,7000
1359,101,13,72,7100
1360,101,13,73,7200
1361,101,13,74,7300
1362,101,13,75,7400
1363,101,13,76,7500
1364,101,13,77,7600
1365,101,13,78,7700
1366,101,13,79,7800
1367,101,13,80,7900
1368,101,13,81,8000
1369,101,13,82,8100
1370,101,13,83,8200
1371,101,13,84,8300
1372,101,13,85,8400
1373,101,13,86,8500
1374,101,13,87,8600
1375,101,13,88,8700
1376,101,13,89,8800
1377,101,13,90,8900
1378,101,13,91,9000
1379,101,13,92,9100
1380,101,13,93,9200
1381,101,13,94,9300
1382,101,13,95,9400
1383,101,13,96,9500
1384,101,13,97,9600
1385,101,13,98,9700
1386,101,13,99,9800
1387,101,14,1,0
1388,101,14,2,100
1389,101,14,3,200
1390,101,14,4,300
1391,101,14,5,400
1392,101,14,6,500
1393,101,14,7,600
1394,101,14,8,700
1395,101,14,9,800
1396,101,14,10,900
1397,101,14,11,1000
1398,101,14,12,1100
1399,101,14,13,1200
1400,101,14,14,1300
1401,101,14,15,1400
1402,101,14,16,1500
1403,101,14,17,1600
1404,101,14,18,1700
1405,101,14,19,1800
1406,101,14,20,1900
1407,101,14,21,2000
1408,101,14,22,2100
1409,101,14,23,2200
1410,101,14,24,2300
1411,101,14,25,2400
1412,101,14,26,2500
1413,101,14,27,2600
1414,101,14,28,2700
1415,101,14,29,2800
1416,101,14,30,2900
1417,101,14,31,3000
1418,101,14,32,3100
1419,101,14,33,3200
1420,101,14,34,3300
1421,101,14,35,3400
1422,101,14,36,3500
1423,101,14,37,3600
1424,101,14,38,3700
1425,101,14,39,3800
1426,101,14,40,3900
1427,101,14,41,4000
1428,101,14,42,4100
1429,101,14,43,4200
1430,101,14,44,4300
1431,101,14,45,4400
1432,101,14,46,4500
1433,101,14,47,4600
1434,101,14,48,4700
1435,101,14,49,4800
1436,101,14,50,4900
1437,101,14,51,5000
1438,101,14,52,5100
1439,101,14,53,5200
1440,101,14,54,5300
1441,101,14,55,5400
1442,101,14,56,5500
1443,101,14,57,5600
1444,101,14,58,5700
1445,101,14,59,5800
1446,101,14,60,5900
1447,101,14,61,6000
1448,101,14,62,6100
1449,101,14,63,6200
1450,101,14,64,6300
1451,101,14,65,6400
1452,101,14,66,6500
1453,101,14,67,6600
1454,101,14,68,6700
1455,101,14,69,6800
1456,101,14,70,6900
1457,101,14,71,7000
1458,101,14,72,7100
1459,101,14,73,7200
1460,101,14,74,7300
1461,101,14,75,7400
1462,101,14,76,7500
1463,101,14,77,7600
1464,101,14,78,7700
1465,101,14,79,7800
1466,101,14,80,7900
1467,101,14,81,8000
1468,101,14,82,8100
1469,101,14,83,8200
1470,101,14,84,8300
1471,101,14,85,8400
1472,101,14,86,8500
1473,101,14,87,8600
1474,101,14,88,8700
1475,101,14,89,8800
1476,101,14,90,8900
1477,101,14,91,9000
1478,101,14,92,9100
1479,101,14,93,9200
1480,101,14,94,9300
1481,101,14,95,9400
1482,101,14,96,9500
1483,101,14,97,9600
1484,101,14,98,9700
1485,101,14,99,9800
1486,101,15,1,0
1487,101,15,2,100
1488,101,15,3,200
1489,101,15,4,300
1490,101,15,5,400
1491,101,15,6,500
1492,101,15,7,600
1493,101,15,8,700
1494,101,15,9,800
1495,101,15,10,900
1496,101,15,11,1000
1497,101,15,12,1100
1498,101,15,13,1200
1499,101,15,14,1300
1500,101,15,15,1400
1501,101,15,16,1500
1502,101,15,17,1600
1503,101,15,18,1700
1504,101,15,19,1800
1505,101,15,20,1900
1506,101,15,21,2000
1507,101,15,22,2100
1508,101,15,23,2200
1509,101,15,24,2300
1510,101,15,25,2400
1511,101,15,26,2500
1512,101,15,27,2600
1513,101,15,28,2700
1514,101,15,29,2800
1515,101,15,30,2900
1516,101,15,31,3000
1517,101,15,32,3100
1518,101,15,33,3200
1519,101,15,34,3300
1520,101,15,35,3400
1521,101,15,36,3500
1522,101,15,37,3600
1523,101,15,38,3700
1524,101,15,39,3800
1525,101,15,40,3900
1526,101,15,41,4000
1527,101,15,42,4100
1528,101,15,43,4200
1529,101,15,44,4300
1530,101,15,45,4400
1531,101,15,46,4500
1532,101,15,47,4600
1533,101,15,48,4700
1534,101,15,49,4800
1535,101,15,50,4900
1536,101,15,51,5000
1537,101,15,52,5100
1538,101,15,53,5200
1539,101,15,54,5300
1540,101,15,55,5400
1541,101,15,56,5500
1542,101,15,57,5600
1543,101,15,58,5700
1544,101,15,59,5800
1545,101,15,60,5900
1546,101,15,61,6000
1547,101,15,62,6100
1548,101,15,63,6200
1549,101,15,64,6300
1550,101,15,65,6400
1551,101,15,66,6500
1552,101,15,67,6600
1553,101,15,68,6700
1554,101,15,69,6800
1555,101,15,70,6900
1556,101,15,71,7000
1557,101,15,72,7100
1558,101,15,73,7200
1559,101,15,74,7300
1560,101,15,75,7400
1561,101,15,76,7500
1562,101,15,77,7600
1563,101,15,78,7700
1564,101,15,79,7800
1565,101,15,80,7900
1566,101,15,81,8000
1567,101,15,82,8100
1568,101,15,83,8200
1569,101,15,84,8300
1570,101,15,85,8400
1571,101,15,86,8500
1572,101,15,87,8600
1573,101,15,88,8700
1574,101,15,89,8800
1575,101,15,90,8900
1576,101,15,91,9000
1577,101,15,92,9100
1578,101,15,93,9200
1579,101,15,94,9300
1580,101,15,95,9400
1581,101,15,96,9500
1582,101,15,97,9600
1583,101,15,98,9700
1584,101,15,99,9800
1585,101,16,1,0
1586,101,16,2,100
1587,101,16,3,200
1588,101,16,4,300
1589,101,16,5,400
1590,101,16,6,500
1591,101,16,7,600
1592,101,16,8,700
1593,101,16,9,800
1594,101,16,10,900
1595,101,16,11,1000
1596,101,16,12,1100
1597,101,16,13,1200
1598,101,16,14,1300
1599,101,16,15,1400
1600,101,16,16,1500
1601,101,16,17,1600
1602,101,16,18,1700
1603,101,16,19,1800
1604,101,16,20,1900
1605,101,16,21,2000
1606,101,16,22,2100
1607,101,16,23,2200
1608,101,16,24,2300
1609,101,16,25,2400
1610,101,16,26,2500
1611,101,16,27,2600
1612,101,16,28,2700
1613,101,16,29,2800
1614,101,16,30,2900
1615,101,16,31,3000
1616,101,16,32,3100
1617,101,16,33,3200
1618,101,16,34,3300
1619,101,16,35,3400
1620,101,16,36,3500
1621,101,16,37,3600
1622,101,16,38,3700
1623,101,16,39,3800
1624,101,16,40,3900
1625,101,16,41,4000
1626,101,16,42,4100
1627,101,16,43,4200
1628,101,16,44,4300
1629,101,16,45,4400
1630,101,16,46,4500
1631,101,16,47,4600
1632,101,16,48,4700
1633,101,16,49,4800
1634,101,16,50,4900
1635,101,16,51,5000
1636,101,16,52,5100
1637,101,16,53,5200
1638,101,16,54,5300
1639,101,16,55,5400
1640,101,16,56,5500
1641,101,16,57,5600
1642,101,16,58,5700
1643,101,16,59,5800
1644,101,16,60,5900
1645,101,16,61,6000
1646,101,16,62,6100
1647,101,16,63,6200
1648,101,16,64,6300
1649,101,16,65,6400
1650,101,16,66,6500
1651,101,16,67,6600
1652,101,16,68,6700
1653,101,16,69,6800
1654,101,16,70,6900
1655,101,16,71,7000
1656,101,16,72,7100
1657,101,16,73,7200
1658,101,16,74,7300
1659,101,16,75,7400
1660,101,16,76,7500
1661,101,16,77,7600
1662,101,16,78,7700
1663,101,16,79,7800
1664,101,16,80,7900
1665,101,16,81,8000
1666,101,16,82,8100
1667,101,16,83,8200
1668,101,16,84,8300
1669,101,16,85,8400
1670,101,16,86,8500
1671,101,16,87,8600
1672,101,16,88,8700
1673,101,16,89,8800
1674,101,16,90,8900
1675,101,16,91,9000
1676,101,16,92,9100
1677,101,16,93,9200
1678,101,16,94,9300
1679,101,16,95,9400
1680,101,16,96,9500
1681,101,16,97,9600
1682,101,16,98,9700
1683,101,16,99,9800
1684,101,17,1,0
1685,101,17,2,100
1686,101,17,3,200
1687,101,17,4,300
1688,101,17,5,400
1689,101,17,6,500
1690,101,17,7,600
1691,101,17,8,700
1692,101,17,9,800
1693,101,17,10,900
1694,101,17,11,1000
1695,101,17,12,1100
1696,101,17,13,1200
1697,101,17,14,1300
1698,101,17,15,1400
1699,101,17,16,1500
1700,101,17,17,1600
1701,101,17,18,1700
1702,101,17,19,1800
1703,101,17,20,1900
1704,101,17,21,2000
1705,101,17,22,2100
1706,101,17,23,2200
1707,101,17,24,2300
1708,101,17,25,2400
1709,101,17,26,2500
1710,101,17,27,2600
1711,101,17,28,2700
1712,101,17,29,2800
1713,101,17,30,2900
1714,101,17,31,3000
1715,101,17,32,3100
1716,101,17,33,3200
1717,101,17,34,3300
1718,101,17,35,3400
1719,101,17,36,3500
1720,101,17,37,3600
1721,101,17,38,3700
1722,101,17,39,3800
1723,101,17,40,3900
1724,101,17,41,4000
1725,101,17,42,4100
1726,101,17,43,4200
1727,101,17,44,4300
1728,101,17,45,4400
1729,101,17,46,4500
1730,101,17,47,4600
1731,101,17,48,4700
1732,101,17,49,4800
1733,101,17,50,4900
1734,101,17,51,5000
1735,101,17,52,5100
1736,101,17,53,5200
1737,101,17,54,5300
1738,101,17,55,5400
1739,101,17,56,5500
1740,101,17,57,5600
1741,101,17,58,5700
1742,101,17,59,5800
1743,101,17,60,5900
1744,101,17,61,6000
1745,101,17,62,6100
1746,101,17,63,6200
1747,101,17,64,6300
1748,101,17,65,6400
1749,101,17,66,6500
1750,101,17,67,6600
1751,101,17,68,6700
1752,101,17,69,6800
1753,101,17,70,6900
1754,101,17,71,7000
1755,101,17,72,7100
1756,101,17,73,7200
1757,101,17,74,7300
1758,101,17,75,7400
1759,101,17,76,7500
1760,101,17,77,7600
1761,101,17,78,7700
1762,101,17,79,7800
1763,101,17,80,7900
1764,101,17,81,8000
1765,101,17,82,8100
1766,101,17,83,8200
1767,101,17,84,8300
1768,101,17,85,8400
1769,101,17,86,8500
1770,101,17,87,8600
1771,101,17,88,8700
1772,101,17,89,8800
1773,101,17,90,8900
1774,101,17,91,9000
1775,101,17,92,9100
1776,101,17,93,9200
1777,101,17,94,9300
1778,101,17,95,9400
1779,101,17,96,9500
1780,101,17,97,9600
1781,101,17,98,9700
1782,101,17,99,9800
1783,101,18,1,0
1784,101,18,2,100
1785,101,18,3,200
1786,101,18,4,300
1787,101,18,5,400
1788,101,18,6,500
1789,101,18,7,600
1790,101,18,8,700
1791,101,18,9,800
1792,101,18,10,900
1793,101,18,11,1000
1794,101,18,12,1100
1795,101,18,13,1200
1796,101,18,14,1300
1797,101,18,15,1400
1798,101,18,16,1500
1799,101,18,17,1600
1800,101,18,18,1700
1801,101,18,19,1800
1802,101,18,20,1900
1803,101,18,21,2000
1804,101,18,22,2100
1805,101,18,23,2200
1806,101,18,24,2300
1807,101,18,25,2400
1808,101,18,26,2500
1809,101,18,27,2600
1810,101,18,28,2700
1811,101,18,29,2800
1812,101,18,30,2900
1813,101,18,31,3000
1814,101,18,32,3100
1815,101,18,33,3200
1816,101,18,34,3300
1817,101,18,35,3400
1818,101,18,36,3500
1819,101,18,37,3600
1820,101,18,38,3700
1821,101,18,39,3800
1822,101,18,40,3900
1823,101,18,41,4000
1824,101,18,42,4100
1825,101,18,43,4200
1826,101,18,44,4300
1827,101,18,45,4400
1828,101,18,46,4500
1829,101,18,47,4600
1830,101,18,48,4700
1831,101,18,49,4800
1832,101,18,50,4900
1833,101,18,51,5000
1834,101,18,52,5100
1835,101,18,53,5200
1836,101,18,54,5300
1837,101,18,55,5400
1838,101,18,56,5500
1839,101,18,57,5600
1840,101,18,58,5700
1841,101,18,59,5800
1842,101,18,60,5900
1843,101,18,61,6000
1844,101,18,62,6100
1845,101,18,63,6200
1846,101,18,64,6300
1847,101,18,65,6400
1848,101,18,66,6500
1849,101,18,67,6600
1850,101,18,68,6700
1851,101,18,69,6800
1852,101,18,70,6900
1853,101,18,71,7000
1854,101,18,72,7100
1855,101,18,73,7200
1856,101,18,74,7300
1857,101,18,75,7400
1858,101,18,76,7500
1859,101,18,77,7600
1860,101,18,78,7700
1861,101,18,79,7800
1862,101,18,80,7900
1863,101,18,81,8000
1864,101,18,82,8100
1865,101,18,83,8200
1866,101,18,84,8300
1867,101,18,85,8400
1868,101,18,86,8500
1869,101,18,87,8600
1870,101,18,88,8700
1871,101,18,89,8800
1872,101,18,90,8900
1873,101,18,91,9000
1874,101,18,92,9100
1875,101,18,93,9200
1876,101,18,94,9300
1877,101,18,95,9400
1878,101,18,96,9500
1879,101,18,97,9600
1880,101,18,98,9700
1881,101,18,99,9800
1882,101,19,1,0
1883,101,19,2,100
1884,101,19,3,200
1885,101,19,4,300
1886,101,19,5,400
1887,101,19,6,500
1888,101,19,7,600
1889,101,19,8,700
1890,101,19,9,800
1891,101,19,10,900
1892,101,19,11,1000
1893,101,19,12,1100
1894,101,19,13,1200
1895,101,19,14,1300
1896,101,19,15,1400
1897,101,19,16,1500
1898,101,19,17,1600
1899,101,19,18,1700
1900,101,19,19,1800
1901,101,19,20,1900
1902,101,19,21,2000
1903,101,19,22,2100
1904,101,19,23,2200
1905,101,19,24,2300
1906,101,19,25,2400
1907,101,19,26,2500
1908,101,19,27,2600
1909,101,19,28,2700
1910,101,19,29,2800
1911,101,19,30,2900
1912,101,19,31,3000
1913,101,19,32,3100
1914,101,19,33,3200
1915,101,19,34,3300
1916,101,19,35,3400
1917,101,19,36,3500
1918,101,19,37,3600
1919,101,19,38,3700
1920,101,19,39,3800
1921,101,19,40,3900
1922,101,19,41,4000
1923,101,19,42,4100
1924,101,19,43,4200
1925,101,19,44,4300
1926,101,19,45,4400
1927,101,19,46,4500
1928,101,19,47,4600
1929,101,19,48,4700
1930,101,19,49,4800
1931,101,19,50,4900
1932,101,19,51,5000
1933,101,19,52,5100
1934,101,19,53,5200
1935,101,19,54,5300
1936,101,19,55,5400
1937,101,19,56,5500
1938,101,19,57,5600
1939,101,19,58,5700
1940,101,19,59,5800
1941,101,19,60,5900
1942,101,19,61,6000
1943,101,19,62,6100
1944,101,19,63,6200
1945,101,19,64,6300
1946,101,19,65,6400
1947,101,19,66,6500
1948,101,19,67,6600
1949,101,19,68,6700
1950,101,19,69,6800
1951,101,19,70,6900
1952,101,19,71,7000
1953,101,19,72,7100
1954,101,19,73,7200
1955,101,19,74,7300
1956,101,19,75,7400
1957,101,19,76,7500
1958,101,19,77,7600
1959,101,19,78,7700
1960,101,19,79,7800
1961,101,19,80,7900
1962,101,19,81,8000
1963,101,19,82,8100
1964,101,19,83,8200
1965,101,19,84,8300
1966,101,19,85,8400
1967,101,19,86,8500
1968,101,19,87,8600
1969,101,19,88,8700
1970,101,19,89,8800
1971,101,19,90,8900
1972,101,19,91,9000
1973,101,19,92,9100
1974,101,19,93,9200
1975,101,19,94,9300
1976,101,19,95,9400
1977,101,19,96,9500
1978,101,19,97,9600
1979,101,19,98,9700
1980,101,19,99,9800
1981,101,20,1,0
1982,101,20,2,100
1983,101,20,3,200
1984,101,20,4,300
1985,101,20,5,400
1986,101,20,6,500
1987,101,20,7,600
1988,101,20,8,700
1989,101,20,9,800
1990,101,20,10,900
1991,101,20,11,1000
1992,101,20,12,1100
1993,101,20,13,1200
1994,101,20,14,1300
1995,101,20,15,1400
1996,101,20,16,1500
1997,101,20,17,1600
1998,101,20,18,1700
1999,101,20,19,1800
2000,101,20,20,1900
2001,101,20,21,2000
2002,101,20,22,2100
2003,101,20,23,2200
2004,101,20,24,2300
2005,101,20,25,2400
2006,101,20,26,2500
2007,101,20,27,2600
2008,101,20,28,2700
2009,101,20,29,2800
2010,101,20,30,2900
2011,101,20,31,3000
2012,101,20,32,3100
2013,101,20,33,3200
2014,101,20,34,3300
2015,101,20,35,3400
2016,101,20,36,3500
2017,101,20,37,3600
2018,101,20,38,3700
2019,101,20,39,3800
2020,101,20,40,3900
2021,101,20,41,4000
2022,101,20,42,4100
2023,101,20,43,4200
2024,101,20,44,4300
2025,101,20,45,4400
2026,101,20,46,4500
2027,101,20,47,4600
2028,101,20,48,4700
2029,101,20,49,4800
2030,101,20,50,4900
2031,101,20,51,5000
2032,101,20,52,5100
2033,101,20,53,5200
2034,101,20,54,5300
2035,101,20,55,5400
2036,101,20,56,5500
2037,101,20,57,5600
2038,101,20,58,5700
2039,101,20,59,5800
2040,101,20,60,5900
2041,101,20,61,6000
2042,101,20,62,6100
2043,101,20,63,6200
2044,101,20,64,6300
2045,101,20,65,6400
2046,101,20,66,6500
2047,101,20,67,6600
2048,101,20,68,6700
2049,101,20,69,6800
2050,101,20,70,6900
2051,101,20,71,7000
2052,101,20,72,7100
2053,101,20,73,7200
2054,101,20,74,7300
2055,101,20,75,7400
2056,101,20,76,7500
2057,101,20,77,7600
2058,101,20,78,7700
2059,101,20,79,7800
2060,101,20,80,7900
2061,101,20,81,8000
2062,101,20,82,8100
2063,101,20,83,8200
2064,101,20,84,8300
2065,101,20,85,8400
2066,101,20,86,8500
2067,101,20,87,8600
2068,101,20,88,8700
2069,101,20,89,8800
2070,101,20,90,8900
2071,101,20,91,9000
2072,101,20,92,9100
2073,101,20,93,9200
2074,101,20,94,9300
2075,101,20,95,9400
2076,101,20,96,9500
2077,101,20,97,9600
2078,101,20,98,9700
2079,101,20,99,9800
2080,101,21,1,0
2081,101,21,2,100
2082,101,21,3,200
2083,101,21,4,300
2084,101,21,5,400
2085,101,21,6,500
2086,101,21,7,600
2087,101,21,8,700
2088,101,21,9,800
2089,101,21,10,900
2090,101,21,11,1000
2091,101,21,12,1100
2092,101,21,13,1200
2093,101,21,14,1300
2094,101,21,15,1400
2095,101,21,16,1500
2096,101,21,17,1600
2097,101,21,18,1700
2098,101,21,19,1800
2099,101,21,20,1900
2100,101,21,21,2000
2101,101,21,22,2100
2102,101,21,23,2200
2103,101,21,24,2300
2104,101,21,25,2400
2105,101,21,26,2500
2106,101,21,27,2600
2107,101,21,28,2700
2108,101,21,29,2800
2109,101,21,30,2900
2110,101,21,31,3000
2111,101,21,32,3100
2112,101,21,33,3200
2113,101,21,34,3300
2114,101,21,35,3400
2115,101,21,36,3500
2116,101,21,37,3600
2117,101,21,38,3700
2118,101,21,39,3800
2119,101,21,40,3900
2120,101,21,41,4000
2121,101,21,42,4100
2122,101,21,43,4200
2123,101,21,44,4300
2124,101,21,45,4400
2125,101,21,46,4500
2126,101,21,47,4600
2127,101,21,48,4700
2128,101,21,49,4800
2129,101,21,50,4900
2130,101,21,51,5000
2131,101,21,52,5100
2132,101,21,53,5200
2133,101,21,54,5300
2134,101,21,55,5400
2135,101,21,56,5500
2136,101,21,57,5600
2137,101,21,58,5700
2138,101,21,59,5800
2139,101,21,60,5900
2140,101,21,61,6000
2141,101,21,62,6100
2142,101,21,63,6200
2143,101,21,64,6300
2144,101,21,65,6400
2145,101,21,66,6500
2146,101,21,67,6600
2147,101,21,68,6700
2148,101,21,69,6800
2149,101,21,70,6900
2150,101,21,71,7000
2151,101,21,72,7100
2152,101,21,73,7200
2153,101,21,74,7300
2154,101,21,75,7400
2155,101,21,76,7500
2156,101,21,77,7600
2157,101,21,78,7700
2158,101,21,79,7800
2159,101,21,80,7900
2160,101,21,81,8000
2161,101,21,82,8100
2162,101,21,83,8200
2163,101,21,84,8300
2164,101,21,85,8400
2165,101,21,86,8500
2166,101,21,87,8600
2167,101,21,88,8700
2168,101,21,89,8800
2169,101,21,90,8900
2170,101,21,91,9000
2171,101,21,92,9100
2172,101,21,93,9200
2173,101,21,94,9300
2174,101,21,95,9400
2175,101,21,96,9500
2176,101,21,97,9600
2177,101,21,98,9700
2178,101,21,99,9800
2179,101,22,1,0
2180,101,22,2,100
2181,101,22,3,200
2182,101,22,4,300
2183,101,22,5,400
2184,101,22,6,500
2185,101,22,7,600
2186,101,22,8,700
2187,101,22,9,800
2188,101,22,10,900
2189,101,22,11,1000
2190,101,22,12,1100
2191,101,22,13,1200
2192,101,22,14,1300
2193,101,22,15,1400
2194,101,22,16,1500
2195,101,22,17,1600
2196,101,22,18,1700
2197,101,22,19,1800
2198,101,22,20,1900
2199,101,22,21,2000
2200,101,22,22,2100
2201,101,22,23,2200
2202,101,22,24,2300
2203,101,22,25,2400
2204,101,22,26,2500
2205,101,22,27,2600
2206,101,22,28,2700
2207,101,22,29,2800
2208,101,22,30,2900
2209,101,22,31,3000
2210,101,22,32,3100
2211,101,22,33,3200
2212,101,22,34,3300
2213,101,22,35,3400
2214,101,22,36,3500
2215,101,22,37,3600
2216,101,22,38,3700
2217,101,22,39,3800
2218,101,22,40,3900
2219,101,22,41,4000
2220,101,22,42,4100
2221,101,22,43,4200
2222,101,22,44,4300
2223,101,22,45,4400
2224,101,22,46,4500
2225,101,22,47,4600
2226,101,22,48,4700
2227,101,22,49,4800
2228,101,22,50,4900
2229,101,22,51,5000
2230,101,22,52,5100
2231,101,22,53,5200
2232,101,22,54,5300
2233,101,22,55,5400
2234,101,22,56,5500
2235,101,22,57,5600
2236,101,22,58,5700
2237,101,22,59,5800
2238,101,22,60,5900
2239,101,22,61,6000
2240,101,22,62,6100
2241,101,22,63,6200
2242,101,22,64,6300
2243,101,22,65,6400
2244,101,22,66,6500
2245,101,22,67,6600
2246,101,22,68,6700
2247,101,22,69,6800
2248,101,22,70,6900
2249,101,22,71,7000
2250,101,22,72,7100
2251,101,22,73,7200
2252,101,22,74,7300
2253,101,22,75,7400
2254,101,22,76,7500
2255,101,22,77,7600
2256,101,22,78,7700
2257,101,22,79,7800
2258,101,22,80,7900
2259,101,22,81,8000
2260,101,22,82,8100
2261,101,22,83,8200
2262,101,22,84,8300
2263,101,22,85,8400
2264,101,22,86,8500
2265,101,22,87,8600
2266,101,22,88,8700
2267,101,22,89,8800
2268,101,22,90,8900
2269,101,22,91,9000
2270,101,22,92,9100
2271,101,22,93,9200
2272,101,22,94,9300
2273,101,22,95,9400
2274,101,22,96,9500
2275,101,22,97,9600
2276,101,22,98,9700
2277,101,22,99,9800