id,mes_id_name,cursor_x_position,cursor_y_position,in_type_id,disappear_type_id,species,resistance_attribute,resistance_condition,initial_condition,lv,hp,mp,exp,gill,attack_count,attack_plus,attack_plus_group,attack_attribute,strength,vitality,agility,intelligence,spirit,magic,attack,ability_attack,defense,ability_defense,ability_defense_reat,accuracy_rate,dodge_times,evasion_rate,magic_evasion_rate,ability_disturbed_rate,critical_rate,luck,weight,boss,monster_flag_group_id,drop_rate,drop_content_id1,drop_content_id1_value,drop_content_id2,drop_content_id2_value,drop_content_id3,drop_content_id3_value,drop_content_id4,drop_content_id4_value,drop_content_id5,drop_content_id5_value,drop_content_id6,drop_content_id6_value,drop_content_id7,drop_content_id7_value,drop_content_id8,drop_content_id8_value,steal_content_id1,steal_content_id2,steal_content_id3,steal_content_id4,script_id,monster_asset_id,battle_effect_asset_id,p_use_ability_random_group_id,command_group_type,release_ability_random_group_id,rage_ability_random_group_id
1,MSG_MON_NAME_01,0,0,2,1,0,0,0,0,1,5,0,16,3,1,0,0,0,2,5,5,1,6,0,6,0,6,1,0,0,0,2,0,0,0,0,0,0,0,3,2,1,2,1,2,1,2,1,3,1,3,1,3,1,11,1,2,2,2,2,1,1,0,0,0,0,0
2,MSG_MON_NAME_02,0,0,2,1,0,0,0,0,1,7,0,16,5,1,0,0,0,2,6,5,3,6,0,6,0,6,1,0,0,0,2,0,0,0,0,0,0,0,3,2,1,2,1,2,1,2,1,3,1,3,1,3,1,11,1,2,2,2,2,2,4,0,0,0,0,0
3,MSG_MON_NAME_03,0,0,2,1,0,29,0,0,1,8,0,16,7,1,0,0,0,3,5,5,3,7,0,7,0,6,1,0,0,0,2,0,0,0,0,0,0,0,2,2,1,2,1,2,1,2,1,3,1,3,1,3,1,11,1,2,2,2,2,3,6,0,0,0,0,0
4,MSG_MON_NAME_04,0,0,2,1,0,29,40,0,2,10,0,20,10,1,0,0,0,3,4,4,3,7,0,7,0,6,1,0,0,0,2,0,0,0,0,0,0,0,2,2,1,2,1,2,1,2,1,3,1,3,1,3,1,11,1,2,2,2,2,4,8,0,0,0,0,0
5,MSG_MON_NAME_05,0,0,2,1,0,30,10,0,2,20,0,20,12,1,0,0,0,4,5,6,3,7,0,10,0,6,1,0,0,0,3,0,0,0,0,0,0,0,2,5,1,5,1,4,1,4,1,5,1,5,1,4,1,4,1,5,5,4,4,5,12,0,0,0,0,0
6,MSG_MON_NAME_06,0,0,2,1,0,0,0,0,3,24,0,20,14,1,0,0,0,5,7,8,5,6,0,9,0,6,1,0,0,0,4,0,0,0,0,0,0,0,3,2,1,2,1,2,1,2,1,3,1,3,1,3,1,11,1,2,2,2,2,6,14,0,0,0,0,0
7,MSG_MON_NAME_07,0,0,2,1,0,0,0,0,4,30,0,32,16,1,0,0,0,5,7,7,5,6,0,11,0,6,1,0,0,0,3,0,0,0,0,0,0,0,3,2,1,2,1,2,1,2,1,3,1,3,1,3,1,11,1,2,2,2,2,7,16,0,0,0,0,0
8,MSG_MON_NAME_08,0,0,2,1,1,31,8,0,5,34,0,32,18,1,0,0,0,6,5,5,5,7,0,12,0,10,1,0,0,0,2,0,0,0,0,0,0,1,2,2,1,2,1,2,1,2,1,3,1,3,1,3,1,11,1,2,2,2,2,8,9,0,0,0,0,0
9,MSG_MON_NAME_09,0,0,2,1,1,31,8,0,5,38,0,32,20,1,0,0,0,6,5,5,5,7,0,12,0,10,1,0,0,0,2,0,0,0,0,0,0,1,2,2,1,2,1,2,1,2,1,3,1,3,1,3,1,11,1,2,2,2,2,9,7,0,0,0,0,0
10,MSG_MON_NAME_10,0,0,2,1,1,32,8,0,6,42,0,40,22,1,0,0,0,6,5,5,5,7,0,14,0,10,1,0,0,0,2,0,0,0,0,0,0,1,3,2,1,2,1,2,1,2,1,3,1,3,1,3,1,11,1,2,2,2,2,10,18,0,0,0,0,0
11,MSG_MON_NAME_11,0,0,2,1,1,32,8,0,6,48,0,40,24,1,0,0,0,7,5,9,5,7,0,15,0,10,1,0,0,0,4,0,0,0,0,0,0,1,3,2,1,2,1,2,1,2,1,3,1,3,1,3,1,11,1,2,2,2,2,11,22,0,0,0,0,0
12,MSG_MON_NAME_12,0,0,2,1,1,33,8,0,6,54,0,40,26,1,0,0,0,6,6,10,6,7,0,14,0,10,1,0,0,0,5,0,0,0,0,0,0,1,3,2,1,2,1,2,1,2,1,3,1,3,1,3,1,11,1,2,2,2,2,12,24,0,0,0,0,0
13,MSG_MON_NAME_13,0,0,2,1,1,31,8,0,6,35,0,48,28,1,0,0,0,6,5,9,6,7,0,14,0,10,1,0,0,0,4,0,0,0,0,0,0,1,2,2,1,2,1,2,1,2,1,3,1,3,1,3,1,11,1,2,2,2,2,13,211,0,0,0,0,0
14,MSG_MON_NAME_14,0,0,2,1,1,31,8,0,6,38,0,48,30,1,0,0,0,7,6,9,6,7,0,15,0,10,1,0,0,0,4,0,0,0,0,0,0,1,2,5,1,5,1,4,1,4,1,5,1,5,1,4,1,4,1,5,5,4,4,14,26,0,0,0,0,0
15,MSG_MON_NAME_15,0,0,2,1,1,33,8,0,7,65,0,48,32,1,0,0,0,7,6,10,6,7,0,15,0,10,1,0,0,0,5,0,0,0,0,0,0,1,3,5,1,5,1,4,1,4,1,5,1,5,1,4,1,4,1,5,5,4,4,15,25,0,0,0,0,0
16,MSG_MON_NAME_16,0,0,2,1,1,32,8,0,7,70,0,52,34,1,0,0,0,6,7,10,6,7,0,14,0,10,1,0,0,0,5,0,0,0,0,0,0,1,3,5,1,5,1,4,1,4,1,5,1,5,1,4,1,4,1,5,5,4,4,16,19,0,0,0,0,0
17,MSG_MON_NAME_17,0,0,2,1,0,34,10,0,9,72,0,52,36,1,0,0,0,7,8,11,4,8,0,17,0,15,2,0,0,0,5,0,0,0,0,0,0,0,3,2,1,2,1,2,1,2,1,3,1,3,1,3,1,11,1,2,2,2,2,17,40,0,0,0,0,0
18,MSG_MON_NAME_18,0,0,2,1,0,30,10,0,8,85,0,52,38,1,0,0,0,7,9,11,9,7,0,17,0,15,1,0,0,0,5,0,0,0,0,0,0,0,2,7,1,7,1,7,1,7,1,7,1,7,1,7,1,7,1,7,7,7,7,18,42,0,0,0,0,0
19,MSG_MON_NAME_19,0,0,2,1,0,30,10,0,9,92,0,60,40,1,0,0,0,8,9,11,4,8,0,18,0,15,2,0,0,0,5,0,0,0,0,0,0,0,1,11,1,11,1,11,1,11,1,11,1,11,1,11,1,11,1,11,11,11,11,19,213,0,0,0,0,0
20,MSG_MON_NAME_20,0,0,2,1,0,30,10,0,9,120,0,60,42,1,0,0,0,9,9,11,9,8,0,19,0,15,2,0,0,0,5,0,0,0,0,0,0,0,3,2,1,2,1,2,1,2,1,3,1,3,1,3,1,11,1,2,2,2,2,20,44,0,0,0,0,0
21,MSG_MON_NAME_21,0,0,2,1,0,0,0,0,9,100,0,60,44,1,0,0,0,8,7,10,8,9,0,18,0,15,2,0,0,0,5,0,0,0,0,0,0,0,3,2,1,2,1,2,1,2,1,3,1,3,1,3,1,11,1,2,2,2,2,21,217,0,0,0,0,0
22,MSG_MON_NAME_22,0,0,2,1,0,0,0,0,9,110,0,72,46,1,0,0,0,10,7,9,8,9,0,20,0,15,2,0,0,0,4,0,0,0,0,0,0,0,3,2,1,2,1,2,1,2,1,3,1,3,1,3,1,11,1,2,2,2,2,22,219,0,0,0,0,0
23,MSG_MON_NAME_23,0,0,2,1,0,35,0,0,9,120,0,72,48,1,0,0,0,9,7,10,8,9,0,19,0,15,2,0,0,0,5,0,0,0,0,0,0,0,3,2,1,2,1,2,1,2,1,3,1,3,1,3,1,11,1,2,2,2,2,23,208,0,0,0,0,0
24,MSG_MON_NAME_24,0,0,2,1,0,36,0,0,10,36,0,80,52,1,0,0,0,6,10,10,6,8,0,16,0,15,2,0,0,0,5,0,0,0,0,0,0,0,2,2,1,2,1,2,1,2,1,3,1,3,1,3,1,11,1,2,2,2,2,24,48,0,0,0,0,0
25,MSG_MON_NAME_25,0,0,2,1,0,37,0,0,10,55,0,80,53,1,0,0,0,6,12,9,6,8,0,16,0,15,2,0,0,0,4,0,0,0,0,0,0,0,2,2,1,2,1,2,1,2,1,3,1,3,1,3,1,11,1,2,2,2,2,25,50,0,0,0,0,0
26,MSG_MON_NAME_26,0,0,2,1,0,36,0,0,9,45,0,80,54,1,0,0,0,5,12,10,7,8,0,16,0,15,1,0,0,0,5,0,0,0,0,0,0,0,2,7,1,7,1,7,1,7,1,7,1,7,1,7,1,7,1,7,7,7,7,26,54,0,0,0,0,0
27,MSG_MON_NAME_27,0,0,2,1,0,38,10,0,10,60,0,88,56,1,0,0,0,5,12,11,7,8,0,16,0,15,1,0,0,0,5,0,0,0,0,0,0,0,2,5,1,5,1,4,1,4,1,5,1,5,1,4,1,4,1,5,5,4,4,27,58,0,0,0,0,0
28,MSG_MON_NAME_28,0,0,2,1,0,36,0,0,10,58,0,88,58,1,0,0,0,5,12,12,7,8,0,17,0,15,1,0,0,0,6,0,0,0,0,0,0,0,2,2,1,2,1,2,1,2,1,3,1,3,1,3,1,11,1,2,2,2,2,28,56,0,0,0,0,0
29,MSG_MON_NAME_29,0,0,2,1,0,0,0,0,10,72,0,88,60,1,0,0,0,6,12,13,7,8,0,18,0,15,1,0,0,0,6,0,0,0,0,0,0,0,2,2,1,2,1,2,1,2,1,3,1,3,1,3,1,11,1,2,2,2,2,29,62,0,0,0,0,0
30,MSG_MON_NAME_30,0,0,2,1,0,0,0,0,11,98,0,96,62,1,0,0,0,10,13,11,7,10,0,22,0,15,1,0,0,0,5,0,0,0,0,0,0,0,3,2,1,2,1,2,1,2,1,3,1,3,1,3,1,11,1,2,2,2,2,30,60,0,0,0,0,0
31,MSG_MON_NAME_31,0,0,2,1,0,39,0,0,13,85,0,96,64,1,0,0,0,8,11,15,11,10,0,22,0,16,2,0,0,0,7,5,0,0,0,0,0,0,3,2,1,2,1,2,1,2,1,3,1,3,1,3,1,11,1,2,2,2,2,31,30,0,0,0,0,0
32,MSG_MON_NAME_32,0,0,2,1,0,40,0,0,13,105,0,96,66,1,0,0,0,8,11,15,11,10,0,22,0,16,2,0,0,0,7,5,0,0,0,0,0,0,3,2,1,2,1,2,1,2,1,3,1,3,1,3,1,11,1,2,2,2,2,32,32,0,0,0,0,0
33,MSG_MON_NAME_33,0,0,2,1,0,41,0,0,12,123,0,100,67,1,0,0,0,8,10,15,11,8,0,22,0,16,2,0,0,0,7,4,0,0,0,0,0,0,2,2,1,16,1,16,1,16,1,20,1,20,1,23,1,23,1,2,16,16,16,33,34,0,0,0,0,0
34,MSG_MON_NAME_34,0,0,2,1,0,40,0,0,13,125,0,100,68,1,0,0,0,10,11,15,11,10,0,24,0,16,2,0,0,0,7,5,0,0,0,0,0,0,3,2,1,18,1,16,1,17,1,33,1,21,1,27,1,27,1,2,18,16,17,34,36,0,0,0,0,0
35,MSG_MON_NAME_35,0,0,2,1,0,40,0,0,13,140,0,25,70,1,0,0,0,8,11,15,11,11,0,22,0,16,2,0,0,0,7,5,0,0,0,0,0,0,3,2,1,16,1,16,1,16,1,20,1,20,1,23,1,23,1,2,16,16,16,35,38,0,0,0,0,0
36,MSG_MON_NAME_36,0,0,2,1,0,42,0,0,16,145,0,108,72,1,0,0,0,9,12,16,12,13,0,27,0,16,3,0,0,0,8,6,0,0,0,0,0,0,3,94,1,95,1,96,1,99,1,98,1,97,1,100,1,101,1,94,95,96,99,36,65,0,0,0,0,0
37,MSG_MON_NAME_37,0,0,2,1,0,30,10,0,13,150,0,108,74,1,0,0,0,7,7,7,4,7,0,21,0,8,6,0,0,0,3,0,0,0,0,0,0,0,3,2,1,18,1,16,1,17,1,33,1,21,1,27,1,27,1,2,18,16,17,37,20,0,0,0,0,0
38,MSG_MON_NAME_38,0,0,2,1,0,0,0,0,16,165,0,108,76,1,0,0,0,9,12,15,12,13,0,27,0,16,3,0,0,0,7,6,0,0,0,0,0,0,3,2,1,2,1,2,1,2,1,3,1,3,1,3,1,11,1,2,2,2,2,38,15,0,0,0,0,0
39,MSG_MON_NAME_39,0,0,2,1,0,30,10,0,15,160,0,120,78,1,0,0,0,9,11,16,12,9,0,25,0,16,3,0,0,0,8,4,0,0,0,0,0,0,2,5,1,5,1,4,1,4,1,5,1,5,1,4,1,4,1,5,5,4,4,39,13,0,0,0,0,0
40,MSG_MON_NAME_40,0,0,2,1,0,0,0,0,14,185,0,120,80,1,0,0,0,9,12,16,12,10,0,23,0,16,2,0,0,0,8,5,0,0,0,0,0,0,3,2,1,17,1,17,1,27,1,27,1,32,1,24,1,24,1,2,17,17,27,40,2,0,0,0,0,0
41,MSG_MON_NAME_41,0,0,2,1,0,30,10,0,12,190,0,120,82,1,0,0,0,9,11,16,12,8,0,23,0,16,2,0,0,0,8,4,0,0,0,0,0,0,2,2,1,2,1,2,1,2,1,3,1,3,1,3,1,11,1,2,2,2,2,41,66,0,0,0,0,0
42,MSG_MON_NAME_42,0,0,2,1,0,40,0,0,15,200,0,128,84,1,0,0,0,10,12,17,12,10,0,24,0,16,2,0,0,0,8,5,0,0,0,0,0,0,3,2,1,2,1,2,1,2,1,3,1,3,1,3,1,11,1,2,2,2,2,42,68,0,0,0,0,0
43,MSG_MON_NAME_43,0,0,2,1,0,0,0,0,15,200,0,128,86,1,0,0,0,10,13,17,13,10,0,24,0,16,2,0,0,0,8,5,0,0,0,0,0,0,3,2,1,2,1,2,1,2,1,3,1,3,1,3,1,11,1,2,2,2,2,43,70,0,0,0,0,0
44,MSG_MON_NAME_44,0,0,2,1,0,0,0,0,18,210,0,128,87,1,0,0,0,10,13,17,9,15,0,31,0,16,3,0,0,0,8,7,0,0,0,0,0,0,3,2,1,17,1,17,1,27,1,27,1,32,1,24,1,24,1,2,17,17,27,44,3,0,0,0,0,0
45,MSG_MON_NAME_45,0,0,2,1,0,42,0,0,18,220,0,132,88,1,0,0,0,10,13,17,9,15,0,31,0,16,3,0,0,0,8,7,0,0,0,0,0,0,3,2,1,2,1,2,1,2,1,3,1,3,1,3,1,11,1,2,2,2,2,45,207,0,0,0,0,0
46,MSG_MON_NAME_46,0,0,2,1,0,43,0,0,17,200,0,132,90,1,0,0,0,10,12,17,9,13,0,28,0,16,3,0,0,0,8,6,0,0,0,0,0,0,2,2,1,18,1,16,1,17,1,33,1,21,1,27,1,27,1,2,18,16,17,46,83,0,0,0,0,0
47,MSG_MON_NAME_47,0,0,2,1,0,42,0,0,18,200,0,132,92,1,0,0,0,10,13,17,9,15,0,31,0,16,3,0,0,0,8,7,0,0,0,0,0,0,3,2,1,2,1,2,1,2,1,3,1,3,1,3,1,11,1,2,2,2,2,47,72,0,0,0,0,0
48,MSG_MON_NAME_48,0,0,2,1,0,0,0,0,18,200,0,144,94,1,0,0,0,10,13,17,9,15,0,31,0,16,3,0,0,0,8,7,0,0,0,0,0,0,3,2,1,2,1,2,1,2,1,3,1,3,1,3,1,11,1,2,2,2,2,48,71,0,0,0,0,0
49,MSG_MON_NAME_49,0,0,2,1,0,36,0,0,14,109,0,144,96,1,0,0,0,11,11,18,9,11,0,27,0,17,2,0,0,0,9,5,0,0,0,0,0,0,2,2,1,8,1,6,1,9,1,8,1,6,1,9,1,3,1,2,8,6,9,49,57,0,0,0,0,0
50,MSG_MON_NAME_50,0,0,2,1,0,36,0,0,14,111,0,144,98,1,0,0,0,9,11,18,10,11,0,25,0,17,2,0,0,0,9,5,0,0,0,0,0,0,2,2,1,2,1,2,1,2,1,3,1,3,1,3,1,11,1,2,2,2,2,50,49,0,0,0,0,0
51,MSG_MON_NAME_51,0,0,2,1,0,30,10,0,19,114,0,152,100,1,0,0,0,11,12,18,10,11,0,27,0,17,2,0,0,0,9,5,0,0,0,0,0,0,2,2,1,8,1,6,1,9,1,8,1,6,1,9,1,3,1,2,8,6,9,51,59,0,0,0,0,0
52,MSG_MON_NAME_52,0,0,2,1,0,36,0,0,13,118,0,152,101,1,0,0,0,9,11,18,8,10,0,23,0,17,2,0,0,0,9,5,0,0,0,0,0,0,2,7,1,7,1,7,1,7,1,7,1,7,1,7,1,7,1,7,7,7,7,52,55,0,0,0,0,0
53,MSG_MON_NAME_53,0,0,2,1,0,30,10,0,16,120,0,152,102,1,0,0,0,11,14,18,12,14,0,29,0,17,3,0,0,0,9,7,0,0,0,0,0,0,3,2,1,2,1,2,1,2,1,3,1,3,1,3,1,11,1,2,2,2,2,53,130,0,0,0,0,0
54,MSG_MON_NAME_54,0,0,2,1,0,29,0,0,19,122,0,160,105,1,0,0,0,12,13,18,11,12,0,28,0,17,2,0,0,0,9,6,0,0,0,0,0,0,2,2,1,2,1,2,1,2,1,3,1,3,1,3,1,11,1,2,2,2,2,54,51,0,0,0,0,0
55,MSG_MON_NAME_55,0,0,2,1,0,44,0,0,16,125,0,160,110,1,0,0,0,13,15,20,12,12,0,31,0,19,2,0,0,0,10,6,0,0,0,0,0,0,2,3,1,22,1,22,1,21,1,21,1,33,1,30,1,30,1,3,22,22,21,55,76,0,0,0,0,0
56,MSG_MON_NAME_56,0,0,2,1,0,45,0,0,18,128,0,160,112,1,0,0,0,14,17,20,15,14,0,32,0,19,3,0,0,0,10,7,0,0,0,0,0,0,3,7,1,7,1,7,1,7,1,7,1,7,1,7,1,7,1,7,7,7,7,56,79,0,0,0,0,0
57,MSG_MON_NAME_57,0,0,2,1,0,0,0,0,17,130,0,160,115,1,0,0,0,12,16,20,13,14,0,30,0,19,3,0,0,0,10,7,0,0,0,0,0,0,3,7,1,7,1,7,1,7,1,7,1,7,1,7,1,7,1,7,7,7,7,57,5,0,0,0,0,0
58,MSG_MON_NAME_58,0,0,2,1,0,39,0,0,20,133,0,180,116,1,0,0,0,13,16,20,13,14,0,31,0,19,3,0,0,0,10,7,0,0,0,0,0,0,3,2,1,16,1,16,1,16,1,20,1,20,1,23,1,23,1,2,16,16,16,58,31,0,0,0,0,0
59,MSG_MON_NAME_59,0,0,2,1,0,40,0,0,20,136,0,180,118,1,0,0,0,13,17,20,15,14,0,31,0,19,3,0,0,0,10,7,0,0,0,0,0,0,3,2,1,16,1,16,1,16,1,20,1,20,1,23,1,23,1,2,16,16,16,59,39,0,0,0,0,0
60,MSG_MON_NAME_60,0,0,2,1,0,41,0,0,16,140,0,189,120,1,0,0,0,12,14,20,12,12,0,32,0,19,2,0,0,0,10,6,0,0,0,0,0,0,2,2,1,16,1,16,1,16,1,20,1,20,1,23,1,23,1,2,16,16,16,60,35,0,0,0,0,0
61,MSG_MON_NAME_61,0,0,2,1,0,44,0,0,18,143,0,180,125,1,0,0,0,12,15,19,14,14,0,33,0,19,3,0,0,0,9,7,0,0,0,0,0,0,2,3,1,22,1,22,1,21,1,21,1,33,1,30,1,30,1,3,22,22,21,61,77,0,0,0,0,0
62,MSG_MON_NAME_62,0,0,2,1,0,45,0,0,21,147,0,200,130,1,0,0,0,14,16,21,15,16,0,35,0,19,3,0,0,0,10,8,0,0,0,0,0,0,3,7,1,7,1,7,1,7,1,7,1,7,1,7,1,7,1,7,7,7,7,62,80,0,0,0,0,0
63,MSG_MON_NAME_63,0,0,2,1,0,46,0,0,22,150,0,200,135,1,0,0,0,14,16,21,15,16,0,35,0,19,3,0,0,0,10,8,0,0,0,0,0,0,3,2,1,18,1,18,1,34,1,34,1,19,1,22,1,22,1,2,18,18,34,63,86,0,0,0,0,0
64,MSG_MON_NAME_64,0,0,2,1,0,46,0,0,21,153,0,200,135,1,0,0,0,18,20,19,17,17,0,40,0,19,3,0,0,0,9,8,0,0,0,0,0,0,5,2,1,16,1,16,1,16,1,20,1,20,1,23,1,23,1,2,16,16,16,64,11,0,0,0,0,0
65,MSG_MON_NAME_65,0,0,2,1,0,47,0,0,22,155,0,200,140,1,0,0,0,13,25,20,14,14,0,34,0,19,3,0,0,0,10,7,0,0,0,0,0,0,2,2,1,18,1,18,1,34,1,34,1,19,1,22,1,22,1,2,18,18,34,65,84,0,0,0,0,0
66,MSG_MON_NAME_66,0,0,2,1,1,32,0,0,20,160,0,240,145,1,0,0,0,18,16,21,16,17,0,41,0,19,3,0,0,0,10,8,0,0,0,0,0,1,3,5,1,5,1,4,1,4,1,5,1,5,1,4,1,4,1,5,5,4,4,66,23,0,0,0,0,0
67,MSG_MON_NAME_67,0,0,2,1,1,31,0,0,23,164,0,240,150,1,0,0,0,17,15,22,15,15,0,38,0,19,3,0,0,0,11,7,0,0,0,0,0,1,2,2,1,18,1,16,1,17,1,33,1,21,1,27,1,27,1,2,18,16,17,67,27,0,0,0,0,0
68,MSG_MON_NAME_68,0,0,2,1,0,0,20,0,23,168,0,240,155,1,0,0,0,19,17,23,19,17,0,44,0,19,3,0,0,0,11,8,0,0,0,0,0,0,5,2,1,18,1,16,1,17,1,33,1,21,1,27,1,27,1,2,18,16,17,68,88,0,0,0,0,0
69,MSG_MON_NAME_69,0,0,2,1,0,48,21,0,24,171,0,288,158,1,0,0,0,20,17,24,19,20,0,45,0,19,4,0,0,0,12,10,0,0,0,0,0,0,3,94,1,95,1,96,1,99,1,98,1,97,1,100,1,101,1,94,95,96,99,69,90,0,0,0,0,0
70,MSG_MON_NAME_70,0,0,2,1,0,29,21,0,24,350,0,288,160,2,0,0,0,21,17,24,20,18,0,48,0,19,4,0,0,0,12,9,0,0,0,0,0,0,5,2,1,2,1,2,1,2,1,3,1,3,1,3,1,11,1,2,2,2,2,70,92,0,0,0,0,0
71,MSG_MON_NAME_71,0,0,2,1,0,40,0,0,24,179,0,288,165,1,0,0,0,9,18,19,10,12,0,34,0,19,2,0,0,0,9,6,0,0,0,0,0,0,2,2,1,16,1,16,1,16,1,20,1,20,1,23,1,23,1,2,16,16,16,71,111,0,0,0,0,0
72,MSG_MON_NAME_72,0,0,2,1,0,40,0,0,25,182,0,288,170,1,0,0,0,9,19,19,11,12,0,35,0,19,2,0,0,0,9,6,0,0,0,0,0,0,3,2,1,16,1,16,1,16,1,20,1,20,1,23,1,23,1,2,16,16,16,72,113,0,0,0,0,0
73,MSG_MON_NAME_73,0,0,2,1,0,40,0,0,25,185,0,320,175,1,0,0,0,9,18,19,10,12,0,35,0,19,2,0,0,0,9,6,0,0,0,0,0,0,2,2,1,16,1,16,1,16,1,20,1,20,1,23,1,23,1,2,16,16,16,73,115,0,0,0,0,0
74,MSG_MON_NAME_74,0,0,2,1,0,40,20,0,25,190,0,320,180,1,0,0,0,12,20,20,13,18,0,36,0,19,4,0,0,0,10,9,0,0,0,0,0,0,5,2,1,16,1,16,1,16,1,20,1,20,1,23,1,23,1,2,16,16,16,74,53,0,0,0,0,0
75,MSG_MON_NAME_75,0,0,2,1,0,0,20,0,26,195,0,320,185,1,0,0,0,21,20,27,15,21,0,44,0,19,4,0,0,0,13,10,0,0,0,0,0,0,3,7,1,7,1,7,1,7,1,7,1,7,1,7,1,7,1,7,7,7,7,75,216,0,0,0,0,0
76,MSG_MON_NAME_76,0,0,2,1,0,40,10,0,26,200,0,360,190,1,0,0,0,19,19,27,14,20,0,40,0,19,4,0,0,0,13,10,0,0,0,0,0,0,2,2,1,2,1,2,1,2,1,3,1,3,1,3,1,11,1,2,2,2,2,76,94,0,0,0,0,0
77,MSG_MON_NAME_77,0,0,2,1,0,0,20,0,26,205,0,360,195,1,0,0,0,21,20,26,14,21,0,42,0,19,4,0,0,0,13,10,0,0,0,0,0,0,3,2,1,2,1,2,1,2,1,3,1,3,1,3,1,11,1,2,2,2,2,77,96,0,0,0,0,0
78,MSG_MON_NAME_78,0,0,2,1,0,40,0,0,27,210,0,360,200,1,0,0,0,20,19,23,15,20,0,43,0,19,4,0,0,0,11,10,0,0,0,0,0,0,2,2,1,22,1,23,1,24,1,19,1,20,1,26,1,25,1,2,22,23,24,78,98,0,0,0,0,0
79,MSG_MON_NAME_79,0,0,2,1,0,40,20,0,27,215,0,400,210,1,0,0,0,22,20,21,16,21,0,45,0,19,4,0,0,0,10,10,0,0,0,0,0,0,3,2,1,2,1,2,1,2,1,3,1,3,1,3,1,11,1,2,2,2,2,79,101,0,0,0,0,0
80,MSG_MON_NAME_80,0,0,2,1,0,42,20,0,27,220,0,400,220,1,0,0,0,18,21,27,16,20,0,41,0,20,4,0,0,0,13,10,0,0,0,0,0,0,3,2,1,2,1,2,1,2,1,3,1,3,1,3,1,11,1,2,2,2,2,80,73,0,0,0,0,0
81,MSG_MON_NAME_81,0,0,2,1,0,40,10,0,28,225,0,400,230,1,0,0,0,18,20,28,15,20,0,41,0,20,4,0,0,0,14,10,0,0,0,0,0,0,2,2,1,2,1,2,1,2,1,3,1,3,1,3,1,11,1,2,2,2,2,81,95,0,0,0,0,0
82,MSG_MON_NAME_82,0,0,2,1,0,0,20,0,28,230,0,440,240,1,0,0,0,18,21,30,17,20,0,43,0,20,4,0,0,0,15,10,0,0,0,0,0,0,3,2,1,2,1,2,1,2,1,3,1,3,1,3,1,11,1,2,2,2,2,82,97,0,0,0,0,0
83,MSG_MON_NAME_83,0,0,2,1,0,40,0,0,28,400,0,440,250,1,0,0,0,18,20,28,16,20,0,64,0,20,4,0,0,0,14,10,0,0,0,0,0,0,2,2,1,2,1,2,1,2,1,3,1,3,1,3,1,11,1,2,2,2,2,83,99,0,0,0,0,0
84,MSG_MON_NAME_84,0,0,2,1,0,43,0,0,29,240,0,440,260,1,0,0,0,19,20,28,17,21,0,44,0,20,4,0,0,0,14,10,0,0,0,0,0,0,2,2,1,22,1,23,1,24,1,19,1,20,1,26,1,25,1,2,22,23,24,84,85,0,0,0,0,0
85,MSG_MON_NAME_85,0,0,2,1,0,0,0,0,29,245,0,500,270,1,0,0,0,19,20,29,17,21,0,44,0,20,4,0,0,0,14,10,0,0,0,0,0,0,2,2,1,2,1,2,1,2,1,3,1,3,1,3,1,11,1,2,2,2,2,85,104,0,0,0,0,0
86,MSG_MON_NAME_86,0,0,2,1,0,46,20,0,29,250,0,500,280,1,0,0,0,21,22,29,21,21,0,50,0,20,4,0,0,0,14,10,0,0,0,0,0,0,5,3,1,22,1,22,1,21,1,21,1,33,1,30,1,30,1,3,22,22,21,86,106,0,0,0,0,0
87,MSG_MON_NAME_87,0,0,2,1,0,49,20,0,30,255,0,500,290,1,0,0,0,19,22,29,18,22,0,44,0,20,4,0,0,0,14,11,0,0,0,0,0,0,3,2,1,2,1,2,1,2,1,3,1,3,1,3,1,11,1,2,2,2,2,87,87,0,0,0,0,0
88,MSG_MON_NAME_88,0,0,2,1,0,36,20,0,30,260,0,560,300,1,0,0,0,18,22,29,22,22,0,43,0,20,4,0,0,0,14,11,0,0,0,0,0,0,3,3,1,24,1,24,1,21,1,21,1,35,1,36,1,29,1,3,24,24,21,88,109,0,0,0,0,0
89,MSG_MON_NAME_89,0,0,2,1,0,29,10,0,23,265,0,560,310,1,0,0,0,14,21,30,18,22,0,38,0,22,4,0,0,0,15,11,0,0,0,0,0,0,2,7,1,7,1,7,1,7,1,7,1,7,1,7,1,7,1,7,7,7,7,89,212,0,0,0,0,0
90,MSG_MON_NAME_90,0,0,2,1,0,30,10,0,31,270,0,560,320,1,0,0,0,18,22,30,18,22,0,43,0,22,4,0,0,0,15,11,0,0,0,0,0,0,2,7,1,7,1,7,1,7,1,7,1,7,1,7,1,7,1,7,7,7,7,90,43,0,0,0,0,0
91,MSG_MON_NAME_91,0,0,2,1,0,0,20,0,31,275,0,600,330,1,0,0,0,20,23,28,19,26,0,47,0,22,5,0,0,0,14,13,0,0,0,0,0,0,3,7,1,7,1,7,1,7,1,7,1,7,1,7,1,7,1,7,7,7,7,91,17,0,0,0,0,0
92,MSG_MON_NAME_92,0,0,2,1,0,0,20,0,31,280,0,600,340,1,0,0,0,22,23,27,19,26,0,49,0,22,5,0,0,0,13,13,0,0,0,0,0,0,3,7,1,7,1,7,1,7,1,7,1,7,1,7,1,7,1,7,7,7,7,92,218,0,0,0,0,0
93,MSG_MON_NAME_93,0,0,2,1,0,0,20,0,32,285,0,600,350,1,0,0,0,21,23,29,20,26,0,48,0,22,5,0,0,0,14,13,0,0,0,0,0,0,3,7,1,7,1,7,1,7,1,7,1,7,1,7,1,7,1,7,7,7,7,93,118,0,0,0,0,0
94,MSG_MON_NAME_94,0,0,2,1,0,0,20,0,32,290,0,700,360,1,0,0,0,21,23,31,20,26,0,48,0,22,5,0,0,0,15,13,0,0,0,0,0,0,3,7,1,7,1,7,1,7,1,7,1,7,1,7,1,7,1,7,7,7,7,94,120,0,0,0,0,0
95,MSG_MON_NAME_95,0,0,2,1,0,36,0,0,32,295,0,700,370,1,0,0,0,22,22,29,26,22,0,49,0,22,4,0,0,0,14,11,0,0,0,0,0,0,2,3,1,3,1,3,1,3,1,3,1,3,1,3,1,11,1,3,3,3,3,95,105,0,0,0,0,0
96,MSG_MON_NAME_96,0,0,2,1,0,0,0,0,33,300,0,700,380,1,0,0,0,21,23,29,20,22,0,48,0,22,4,0,0,0,14,11,0,0,0,0,0,0,2,3,1,28,1,30,1,31,1,35,1,32,1,29,1,36,1,3,28,30,31,96,124,0,0,0,0,0
97,MSG_MON_NAME_97,0,0,2,1,0,29,20,0,33,305,0,800,390,1,0,0,0,25,24,28,21,24,0,54,0,22,5,0,0,0,14,12,0,0,0,0,0,0,3,7,1,7,1,7,1,7,1,7,1,7,1,7,1,7,1,7,7,7,7,97,126,0,0,0,0,0
98,MSG_MON_NAME_98,0,0,2,1,0,37,20,0,26,310,0,800,400,1,0,0,0,22,24,27,28,26,0,51,0,22,5,0,0,0,13,13,0,0,0,0,0,0,3,3,1,23,1,23,1,26,1,26,1,28,1,31,1,31,1,3,23,23,26,98,110,0,0,0,0,0
99,MSG_MON_NAME_99,0,0,2,1,0,0,20,0,34,320,0,960,420,1,0,0,0,24,24,24,21,23,0,53,0,22,5,0,0,0,12,11,0,0,0,0,0,0,3,3,1,3,1,3,1,3,1,3,1,3,1,3,1,11,1,3,3,3,3,99,61,0,0,0,0,0
100,MSG_MON_NAME_100,0,0,2,1,0,50,20,0,34,325,0,960,430,1,0,0,0,22,24,30,23,21,0,54,0,23,4,0,0,0,15,10,0,0,0,0,0,0,3,3,1,23,1,23,1,26,1,26,1,28,1,31,1,31,1,3,23,23,26,100,41,0,0,0,0,0
101,MSG_MON_NAME_101,0,0,2,1,0,30,10,0,35,335,0,1040,450,1,0,0,0,25,25,30,23,21,0,55,0,23,4,0,0,0,15,10,0,0,0,0,0,0,3,7,1,7,1,7,1,7,1,7,1,7,1,7,1,7,1,7,7,7,7,101,45,0,0,0,0,0
102,MSG_MON_NAME_102,0,0,2,1,0,51,10,0,35,1000,0,1040,460,1,0,0,0,22,25,30,25,22,0,56,0,23,4,0,0,0,15,11,0,0,0,0,0,0,3,3,1,3,1,3,1,3,1,3,1,3,1,3,1,11,1,3,3,3,3,102,128,0,0,0,0,0
103,MSG_MON_NAME_103,0,0,2,1,0,30,10,0,36,345,0,1200,470,1,0,0,0,24,25,30,23,21,0,56,0,23,4,0,0,0,15,10,0,0,0,0,0,0,3,3,1,3,1,3,1,3,1,3,1,3,1,3,1,11,1,3,3,3,3,103,131,0,0,0,0,0
104,MSG_MON_NAME_104,0,0,2,1,0,52,20,0,36,350,0,1200,475,1,0,0,0,25,25,30,23,21,0,57,0,23,4,0,0,0,15,10,0,0,0,0,0,0,3,7,1,7,1,7,1,7,1,7,1,7,1,7,1,7,1,7,7,7,7,104,133,0,0,0,0,0
105,MSG_MON_NAME_105,0,0,2,1,0,0,20,0,36,355,0,1320,480,1,0,0,0,4,25,25,24,22,0,37,0,23,4,0,0,0,12,11,0,0,0,0,0,0,3,3,1,3,1,3,1,3,1,3,1,3,1,3,1,11,1,3,3,3,3,105,121,0,0,0,0,0
106,MSG_MON_NAME_106,0,0,2,1,0,30,10,0,36,360,0,1320,490,1,0,0,0,4,26,26,24,22,0,42,0,23,4,0,0,0,13,11,0,0,0,0,0,0,3,3,1,22,1,22,1,21,1,21,1,33,1,30,1,30,1,3,22,22,21,106,132,0,0,0,0,0
107,MSG_MON_NAME_107,0,0,2,1,0,0,20,0,37,365,0,1320,500,1,0,0,0,4,26,26,24,22,0,36,0,23,4,0,0,0,13,11,0,0,0,0,0,0,3,3,1,3,1,3,1,3,1,3,1,3,1,3,1,11,1,3,3,3,3,107,165,0,0,0,0,0
108,MSG_MON_NAME_108,0,0,2,1,0,0,20,0,37,370,0,1440,510,1,0,0,0,4,26,26,24,22,0,36,0,23,4,0,0,0,13,11,0,0,0,0,0,0,3,2,1,22,1,23,1,24,1,19,1,20,1,26,1,25,1,2,22,23,24,108,119,0,0,0,0,0
109,MSG_MON_NAME_109,0,0,2,1,0,53,10,0,28,555,0,1440,520,1,0,0,0,4,25,26,26,24,0,36,0,23,5,0,0,0,13,12,0,0,0,0,0,0,2,3,1,3,1,3,1,3,1,3,1,3,1,3,1,11,1,3,3,3,3,109,67,0,0,0,0,0
110,MSG_MON_NAME_110,0,0,2,1,0,40,0,0,38,380,0,1440,540,1,0,0,0,22,26,29,22,23,0,60,0,24,5,0,0,0,14,11,0,0,0,0,0,0,3,3,1,3,1,3,1,3,1,3,1,3,1,3,1,11,1,3,3,3,3,110,37,0,0,0,0,0
111,MSG_MON_NAME_111,0,0,2,1,0,40,0,0,38,385,0,1440,550,1,0,0,0,22,25,29,21,24,0,62,0,24,5,0,0,0,14,12,0,0,0,0,0,0,2,3,1,3,1,3,1,3,1,3,1,3,1,3,1,11,1,3,3,3,3,111,112,0,0,0,0,0
112,MSG_MON_NAME_112,0,0,2,1,0,40,20,0,39,470,0,450,680,2,0,0,0,27,25,28,22,18,0,62,0,24,4,0,0,0,14,9,0,0,0,0,0,0,5,3,1,3,1,3,1,3,1,3,1,3,1,3,1,11,1,3,3,3,3,112,225,0,0,0,0,0
113,MSG_MON_NAME_113,0,0,2,1,0,40,0,0,39,395,0,1560,580,1,0,0,0,22,25,30,21,24,0,64,0,24,5,0,0,0,15,12,0,0,0,0,0,0,2,3,1,3,1,3,1,3,1,3,1,3,1,3,1,11,1,3,3,3,3,113,117,0,0,0,0,0
114,MSG_MON_NAME_114,0,0,2,1,0,40,0,0,39,650,0,1560,600,1,0,0,0,23,27,29,22,23,0,64,0,24,5,0,0,0,14,11,0,0,0,0,0,0,3,3,1,3,1,3,1,3,1,3,1,3,1,3,1,11,1,3,3,3,3,114,135,0,0,0,0,0
115,MSG_MON_NAME_115,0,0,2,1,0,30,10,0,44,540,0,2200,780,1,0,0,0,24,27,29,23,24,0,78,0,24,5,0,0,0,14,12,0,0,0,0,0,0,3,3,1,3,1,3,1,3,1,3,1,3,1,3,1,11,1,3,3,3,3,115,21,0,0,0,0,0
116,MSG_MON_NAME_116,0,0,2,1,0,40,20,0,44,550,0,2400,800,1,0,0,0,24,27,29,23,24,0,80,0,24,5,0,0,0,14,12,0,0,0,0,0,0,3,3,1,23,1,23,1,26,1,26,1,28,1,31,1,31,1,3,23,23,26,116,114,0,0,0,0,0
117,MSG_MON_NAME_117,0,0,2,1,0,40,20,0,45,560,0,2400,820,1,0,0,0,25,28,31,26,24,0,80,0,24,5,0,0,0,15,12,0,0,0,0,0,0,3,3,1,23,1,23,1,26,1,26,1,28,1,31,1,31,1,3,23,23,26,117,33,0,0,0,0,0
118,MSG_MON_NAME_118,0,0,2,1,0,40,0,0,55,570,0,2400,840,1,0,0,0,24,26,31,22,25,0,83,0,24,5,0,0,0,15,12,0,0,0,0,0,0,2,3,1,23,1,23,1,26,1,26,1,28,1,31,1,31,1,3,23,23,26,118,137,0,0,0,0,0
119,MSG_MON_NAME_119,0,0,2,1,0,40,0,0,45,580,0,2800,850,1,0,0,0,24,26,32,22,25,0,83,0,24,5,0,0,0,16,12,0,0,0,0,0,0,2,3,1,23,1,23,1,26,1,26,1,28,1,31,1,31,1,3,23,23,26,119,139,0,0,0,0,0
120,MSG_MON_NAME_120,0,0,2,1,0,40,20,0,46,590,0,2800,860,1,0,0,0,24,28,31,23,24,0,85,0,24,5,0,0,0,15,12,0,0,0,0,0,0,3,3,1,23,1,23,1,26,1,26,1,28,1,31,1,31,1,3,23,23,26,120,100,0,0,0,0,0
121,MSG_MON_NAME_121,0,0,2,1,0,0,20,0,42,490,0,2000,720,1,0,0,0,30,28,31,25,26,0,74,0,24,5,0,0,0,15,13,0,0,0,0,0,0,3,3,1,24,1,24,1,21,1,21,1,35,1,36,1,29,1,3,24,24,21,121,158,0,0,0,0,0
122,MSG_MON_NAME_122,0,0,2,1,0,0,20,0,43,500,0,2000,740,1,0,0,0,30,28,31,25,26,0,74,0,24,5,0,0,0,15,13,0,0,0,0,0,0,3,3,1,23,1,23,1,26,1,26,1,28,1,31,1,31,1,3,23,23,26,122,147,0,0,0,0,0
123,MSG_MON_NAME_123,0,0,2,1,0,0,20,0,43,510,0,2800,745,1,0,0,0,29,29,31,25,26,0,76,0,24,5,0,0,0,15,13,0,0,0,0,0,0,3,3,1,22,1,22,1,21,1,21,1,33,1,30,1,30,1,3,22,22,21,123,148,0,0,0,0,0
124,MSG_MON_NAME_124,0,0,2,1,0,41,20,0,45,1120,0,2200,750,2,0,0,0,33,30,32,27,19,0,76,0,24,4,0,0,0,16,9,0,0,0,0,0,0,5,3,1,23,1,23,1,26,1,26,1,28,1,31,1,31,1,3,23,23,26,124,103,0,0,0,0,0
125,MSG_MON_NAME_125,0,0,2,1,0,0,20,0,44,530,0,2200,760,1,0,0,0,29,29,31,25,26,0,78,0,24,5,0,0,0,15,13,0,0,0,0,0,0,3,3,1,23,1,23,1,26,1,26,1,28,1,31,1,31,1,3,23,23,26,125,142,0,0,0,0,0
126,MSG_MON_NAME_126,0,0,2,1,0,51,20,0,40,1250,0,1640,610,1,0,0,0,37,29,32,25,29,0,73,0,25,6,0,0,0,16,14,0,0,0,0,0,0,3,3,1,3,1,3,1,3,1,3,1,3,1,3,1,11,1,3,3,3,3,126,129,0,0,0,0,0
127,MSG_MON_NAME_127,0,0,2,1,0,36,20,0,40,420,0,1640,615,1,0,0,0,33,29,29,26,28,0,69,0,25,6,0,0,0,14,14,0,0,0,0,0,0,3,7,1,7,1,7,1,7,1,7,1,7,1,7,1,7,1,7,7,7,7,127,134,0,0,0,0,0
128,MSG_MON_NAME_128,0,0,2,1,0,40,20,0,40,430,0,1640,620,1,0,0,0,32,30,29,25,28,0,68,0,25,6,0,0,0,14,14,0,0,0,0,0,0,3,3,1,3,1,3,1,3,1,3,1,3,1,3,1,11,1,3,3,3,3,128,69,0,0,0,0,0
129,MSG_MON_NAME_129,0,0,2,1,0,30,20,0,41,440,0,1640,640,1,0,0,0,32,30,30,25,28,0,68,0,25,6,0,0,0,15,14,0,0,0,0,0,0,3,3,1,3,1,3,1,3,1,3,1,3,1,3,1,11,1,3,3,3,3,129,150,0,0,0,0,0
130,MSG_MON_NAME_130,0,0,2,1,0,30,20,0,41,450,0,1800,650,1,0,0,0,36,30,32,26,29,0,78,0,26,4,0,0,0,16,14,0,0,0,0,0,0,5,3,1,3,1,3,1,3,1,3,1,3,1,3,1,11,1,3,3,3,3,130,210,0,0,0,0,0
131,MSG_MON_NAME_131,0,0,2,1,0,54,22,0,41,1550,0,1800,660,2,0,0,0,42,33,32,22,23,0,84,0,26,5,0,0,0,16,11,0,0,0,0,0,0,5,3,1,3,1,3,1,3,1,3,1,3,1,3,1,11,1,3,3,3,3,131,168,0,0,0,0,0
132,MSG_MON_NAME_132,0,0,2,1,0,40,0,0,42,470,0,1800,680,1,0,0,0,32,28,32,26,25,0,72,0,25,5,0,0,0,16,12,0,0,0,0,0,0,2,3,1,3,1,3,1,3,1,3,1,3,1,3,1,11,1,3,3,3,3,132,116,0,0,0,0,0
133,MSG_MON_NAME_133,0,0,2,1,0,55,22,0,42,480,0,2000,700,2,0,0,0,41,31,33,30,25,0,85,0,26,5,0,0,0,16,12,0,0,0,0,0,0,5,3,1,3,1,3,1,3,1,3,1,3,1,3,1,11,1,3,3,3,3,133,46,0,0,0,0,0
134,MSG_MON_NAME_134,0,0,2,1,0,46,20,0,46,1500,0,4800,880,2,0,0,0,39,33,31,32,21,0,85,0,26,4,0,0,0,15,10,0,0,0,0,0,0,5,3,1,3,1,3,1,3,1,3,1,3,1,3,1,11,1,3,3,3,3,134,108,0,0,0,0,0
135,MSG_MON_NAME_135,0,0,2,1,0,56,0,0,36,910,0,320,900,1,0,0,0,27,32,32,30,26,0,87,0,25,5,0,0,0,16,13,0,0,0,0,0,0,1,3,1,3,1,3,1,3,1,3,1,3,1,3,1,11,1,3,3,3,3,135,154,0,0,0,0,0
136,MSG_MON_NAME_136,0,0,2,1,0,56,0,0,37,1000,0,320,920,1,0,0,0,26,30,33,29,25,0,87,0,25,6,0,0,0,16,12,0,0,0,0,0,0,1,3,1,3,1,3,1,3,1,3,1,3,1,3,1,11,1,3,3,3,3,136,156,0,0,0,0,0
137,MSG_MON_NAME_137,0,0,2,1,0,56,0,0,37,1100,0,320,940,1,0,0,0,26,30,33,29,25,0,90,0,25,6,0,0,0,16,12,0,0,0,0,0,0,1,3,1,3,1,3,1,3,1,3,1,3,1,3,1,11,1,3,3,3,3,137,152,0,0,0,0,0
138,MSG_MON_NAME_138,0,0,2,1,0,56,20,0,47,1150,0,320,945,1,0,0,0,27,32,32,28,26,0,90,0,25,5,0,0,0,16,13,0,0,0,0,0,0,1,3,1,3,1,3,1,3,1,3,1,3,1,3,1,11,1,3,3,3,3,138,141,0,0,0,0,0
139,MSG_MON_NAME_139,0,0,2,1,0,40,20,0,54,830,0,3600,1680,1,0,0,0,39,33,34,31,28,0,81,0,26,6,0,0,0,17,14,0,0,0,0,0,0,3,7,1,7,1,7,1,7,1,7,1,7,1,7,1,7,1,7,7,7,7,139,161,0,0,0,0,0
140,MSG_MON_NAME_140,0,0,2,1,0,40,0,0,54,840,0,3600,1700,1,0,0,0,38,31,35,30,25,0,113,0,26,5,0,0,0,17,12,0,0,0,0,0,0,2,3,1,3,1,3,1,3,1,3,1,3,1,3,1,11,1,3,3,3,3,140,138,0,0,0,0,0
141,MSG_MON_NAME_141,0,0,2,1,0,40,0,0,54,850,0,3800,1750,1,0,0,0,38,31,35,30,25,0,113,0,26,5,0,0,0,17,12,0,0,0,0,0,0,2,3,1,3,1,3,1,3,1,3,1,3,1,3,1,11,1,3,3,3,3,141,140,0,0,0,0,0
142,MSG_MON_NAME_142,0,0,2,1,0,40,20,0,55,860,0,3800,1800,1,0,0,0,39,33,34,31,25,0,115,0,26,5,0,0,0,17,12,0,0,0,0,0,0,3,3,1,3,1,3,1,3,1,3,1,3,1,3,1,11,1,3,3,3,3,142,136,0,0,0,0,0
143,MSG_MON_NAME_143,0,0,2,1,0,44,0,0,55,870,0,3800,1900,1,0,0,0,40,31,35,31,25,0,115,0,26,5,0,0,0,17,12,0,0,0,0,0,0,2,3,1,22,1,22,1,21,1,21,1,33,1,30,1,30,1,3,22,22,21,143,78,0,0,0,0,0
144,MSG_MON_NAME_144,0,0,2,1,0,30,20,0,55,880,0,3800,1950,1,0,0,0,41,33,34,32,27,0,117,0,26,5,0,0,0,17,13,0,0,0,0,0,0,3,3,1,3,1,3,1,3,1,3,1,3,1,3,1,11,1,3,3,3,3,144,151,0,0,0,0,0
145,MSG_MON_NAME_145,0,0,2,1,0,40,20,0,56,890,0,3800,2000,1,0,0,0,41,33,34,29,27,0,83,0,26,5,0,0,0,17,13,0,0,0,0,0,0,3,7,1,7,1,7,1,7,1,7,1,7,1,7,1,7,1,7,7,7,7,145,160,0,0,0,0,0
146,MSG_MON_NAME_146,0,0,2,1,0,0,20,0,56,900,0,3800,2100,1,0,0,0,41,33,34,32,27,0,117,0,26,5,0,0,0,17,13,0,0,0,0,0,0,3,3,1,3,1,3,1,3,1,3,1,3,1,3,1,11,1,3,3,3,3,146,163,0,0,0,0,0
147,MSG_MON_NAME_147,0,0,2,1,0,0,20,0,56,1280,0,4000,2200,2,0,0,0,42,34,33,34,20,0,86,0,27,4,0,0,0,16,10,0,0,0,0,0,0,5,3,1,3,1,3,1,3,1,3,1,3,1,3,1,11,1,3,3,3,3,147,89,0,0,0,0,0
148,MSG_MON_NAME_148,0,0,2,1,1,57,21,0,48,2000,0,5000,960,2,0,0,0,44,34,34,36,20,0,93,0,27,4,0,0,0,17,10,0,0,0,0,0,1,5,3,1,3,1,3,1,3,1,3,1,3,1,3,1,11,1,3,3,3,3,148,143,0,0,0,0,0
149,MSG_MON_NAME_149,0,0,2,1,0,0,20,0,48,1400,0,320,980,1,0,0,0,31,34,37,33,27,0,95,0,26,5,0,0,0,18,13,0,0,0,0,0,0,3,3,1,28,1,30,1,31,1,35,1,32,1,29,1,36,1,3,28,30,31,149,145,0,0,0,0,0
150,MSG_MON_NAME_150,0,0,2,1,0,0,20,0,49,680,0,5000,990,1,0,0,0,33,35,36,30,27,0,95,0,26,5,0,0,0,18,13,0,0,0,0,0,0,3,3,1,3,1,3,1,3,1,3,1,3,1,3,1,11,1,3,3,3,3,150,176,0,0,0,0,0
151,MSG_MON_NAME_151,0,0,2,1,0,56,20,0,49,1550,0,320,1000,1,0,0,0,32,35,36,33,27,0,97,0,26,5,0,0,0,18,13,0,0,0,0,0,0,1,3,1,3,1,3,1,3,1,3,1,3,1,3,1,11,1,3,3,3,3,151,155,0,0,0,0,0
152,MSG_MON_NAME_152,0,0,2,1,0,56,20,0,49,1620,0,320,1050,1,0,0,0,34,35,36,33,27,0,97,0,26,5,0,0,0,18,13,0,0,0,0,0,0,1,3,1,3,1,3,1,3,1,3,1,3,1,3,1,11,1,3,3,3,3,152,177,0,0,0,0,0
153,MSG_MON_NAME_153,0,0,2,1,0,56,0,0,50,1600,0,320,1100,1,0,0,0,30,33,37,32,25,0,100,0,26,5,0,0,0,18,12,0,0,0,0,0,0,1,3,1,3,1,3,1,3,1,3,1,3,1,3,1,11,1,3,3,3,3,153,153,0,0,0,0,0
154,MSG_MON_NAME_154,0,0,2,1,0,56,20,0,50,720,0,320,1150,1,0,0,0,34,35,36,33,27,0,100,0,26,5,0,0,0,18,13,0,0,0,0,0,0,1,3,1,3,1,3,1,3,1,3,1,3,1,3,1,11,1,3,3,3,3,154,174,0,0,0,0,0
155,MSG_MON_NAME_155,0,0,2,1,0,30,20,0,50,730,0,3200,1200,1,0,0,0,46,39,38,32,28,0,103,0,27,6,0,0,0,19,14,0,0,0,0,0,0,5,3,1,3,1,3,1,3,1,3,1,3,1,3,1,11,1,3,3,3,3,155,209,0,0,0,0,0
156,MSG_MON_NAME_156,0,0,2,1,0,0,0,0,51,740,0,3400,1250,1,0,0,0,49,36,37,25,27,0,103,0,26,5,0,0,0,18,13,0,0,0,0,0,0,3,3,1,3,1,3,1,3,1,3,1,3,1,3,1,11,1,3,3,3,3,156,149,0,0,0,0,0
157,MSG_MON_NAME_157,0,0,2,1,0,0,0,0,51,750,0,3400,1300,1,0,0,0,47,36,37,24,27,0,105,0,26,5,0,0,0,18,13,0,0,0,0,0,0,3,3,1,3,1,3,1,3,1,3,1,3,1,3,1,11,1,3,3,3,3,157,159,0,0,0,0,0
158,MSG_MON_NAME_158,0,0,2,1,0,42,0,0,51,760,0,3400,1350,1,0,0,0,45,36,37,24,27,0,89,0,26,5,0,0,0,18,13,0,0,0,0,0,0,3,3,1,3,1,3,1,3,1,3,1,3,1,3,1,11,1,3,3,3,3,158,64,0,0,0,0,0
159,MSG_MON_NAME_159,0,0,2,1,0,58,0,0,52,770,0,3400,1400,1,0,0,0,47,36,37,24,27,0,105,0,26,5,0,0,0,18,13,0,0,0,0,0,0,3,3,1,3,1,3,1,3,1,3,1,3,1,3,1,11,1,3,3,3,3,159,127,0,0,0,0,0
160,MSG_MON_NAME_160,0,0,2,1,0,0,0,0,52,780,0,3200,1450,1,0,0,0,45,35,39,35,26,0,91,0,28,5,0,0,0,19,13,0,0,0,0,0,0,2,3,1,3,1,3,1,3,1,3,1,3,1,3,1,11,1,3,3,3,3,160,125,0,0,0,0,0
161,MSG_MON_NAME_161,0,0,2,1,0,0,20,0,52,790,0,800,1500,1,0,0,0,46,37,38,36,28,0,107,0,28,6,0,0,0,19,14,0,0,0,0,0,0,3,3,1,3,1,3,1,3,1,3,1,3,1,3,1,11,1,3,3,3,3,161,162,0,0,0,0,0
162,MSG_MON_NAME_162,0,0,2,1,0,29,20,0,53,1200,0,3400,1600,1,0,0,0,50,37,37,38,23,0,110,0,28,5,0,0,0,18,11,0,0,0,0,0,0,5,3,1,3,1,3,1,3,1,3,1,3,1,3,1,11,1,3,3,3,3,162,82,0,0,0,0,0
163,MSG_MON_NAME_163,0,0,2,1,0,0,20,0,53,820,0,3400,1640,1,0,0,0,47,37,38,36,29,0,110,0,28,6,0,0,0,19,14,0,0,0,0,0,0,3,3,1,3,1,3,1,3,1,3,1,3,1,3,1,11,1,3,3,3,3,163,164,0,0,0,0,0
164,MSG_MON_NAME_164,0,0,2,1,0,0,20,0,57,920,0,3800,2300,1,0,0,0,47,37,38,32,29,0,123,0,28,6,0,0,0,19,14,0,0,0,0,0,0,3,3,1,3,1,3,1,3,1,3,1,3,1,3,1,11,1,3,3,3,3,164,146,0,0,0,0,0
165,MSG_MON_NAME_165,0,0,2,1,0,48,21,0,57,2250,0,3800,2400,2,0,0,0,49,37,38,33,30,0,123,0,28,6,0,0,0,19,15,0,0,0,0,0,0,5,3,1,3,1,3,1,3,1,3,1,3,1,3,1,11,1,3,3,3,3,165,91,0,0,0,0,0
166,MSG_MON_NAME_166,0,0,2,1,0,0,20,0,42,1500,0,72,50,1,0,0,0,48,38,39,23,30,0,110,0,28,6,0,0,0,19,15,0,0,0,0,0,0,0,0,0,0,0,0,0,0,0,0,0,0,0,0,0,0,0,0,0,0,0,166,167,0,0,0,0,0
167,MSG_MON_NAME_167,0,0,2,1,0,29,21,0,57,2200,0,2800,2500,2,0,0,0,50,38,39,26,23,0,125,0,28,5,0,0,0,19,11,0,0,0,0,0,0,5,3,1,3,1,3,1,3,1,3,1,3,1,3,1,11,1,3,3,3,3,167,93,0,0,0,0,0
168,MSG_MON_NAME_168,0,0,2,1,1,57,21,0,58,2500,0,3800,2600,2,0,0,0,47,38,38,26,24,0,125,0,28,5,0,0,0,19,12,0,0,0,0,0,1,5,3,1,3,1,3,1,3,1,3,1,3,1,3,1,11,1,3,3,3,3,168,144,0,0,0,0,0
169,MSG_MON_NAME_169,0,0,2,1,0,54,22,0,58,3000,0,3800,2700,2,0,0,0,55,55,37,33,33,0,127,0,28,5,0,0,0,18,16,0,0,0,0,0,0,10,12,1,12,1,12,1,199,1,12,1,12,1,12,1,199,1,12,12,12,199,169,169,0,0,0,0,0
170,MSG_MON_NAME_170,0,0,2,1,0,0,20,0,59,990,0,4000,3000,1,0,0,0,45,38,39,35,29,0,130,0,29,6,0,0,0,19,14,0,0,0,0,0,0,3,3,1,24,1,24,1,21,1,21,1,35,1,36,1,29,1,3,24,24,21,170,173,0,0,0,0,0
171,MSG_MON_NAME_171,0,0,2,1,0,0,20,0,59,1000,0,4000,3100,1,0,0,0,46,36,40,33,29,0,133,0,29,6,0,0,0,20,14,0,0,0,0,0,0,3,3,1,24,1,24,1,21,1,21,1,35,1,36,1,29,1,3,24,24,21,171,175,0,0,0,0,0
172,MSG_MON_NAME_172,0,0,2,1,0,59,20,0,60,1010,0,4000,3200,1,0,0,0,45,38,39,42,35,0,133,0,29,7,0,0,0,19,17,0,0,0,0,0,0,3,3,1,24,1,24,1,21,1,21,1,35,1,36,1,29,1,3,24,24,21,172,178,0,0,0,0,0
173,MSG_MON_NAME_173,0,0,2,1,0,0,21,0,60,1020,0,4000,3300,2,0,0,0,52,39,39,24,26,0,135,0,29,5,0,0,0,19,13,0,0,0,0,0,0,5,3,1,24,1,24,1,21,1,21,1,35,1,36,1,29,1,3,24,24,21,173,171,0,0,0,0,0
174,MSG_MON_NAME_174,0,0,2,1,0,0,20,0,60,1030,0,4200,3400,2,0,0,0,50,39,39,23,27,0,135,0,29,5,0,0,0,19,13,0,0,0,0,0,0,5,3,1,24,1,24,1,21,1,21,1,35,1,36,1,29,1,3,24,24,21,174,180,0,0,0,0,0
175,MSG_MON_NAME_175,0,0,2,1,0,29,20,0,61,4050,0,4200,181,2,0,0,0,47,39,42,45,27,0,137,0,29,5,0,0,0,21,13,0,0,0,0,0,0,5,3,1,28,1,30,1,31,1,35,1,32,1,29,1,36,1,3,28,30,31,175,75,0,0,0,0,0
176,MSG_MON_NAME_176,0,0,2,1,0,0,0,0,61,1750,0,4200,3600,1,0,0,0,44,37,41,38,29,0,137,0,29,5,0,0,0,20,14,0,0,0,0,0,0,2,3,1,28,1,30,1,31,1,35,1,32,1,29,1,36,1,3,28,30,31,176,157,0,0,0,0,0
177,MSG_MON_NAME_177,0,0,2,1,0,29,20,0,46,1500,0,4000,2800,1,0,0,0,45,44,44,50,35,0,110,0,29,6,0,0,0,22,17,0,0,0,0,0,0,0,0,0,0,0,0,0,0,0,0,0,0,0,0,0,0,0,0,0,0,0,177,196,0,0,0,0,0
178,MSG_MON_NAME_178,0,0,2,1,0,44,20,0,62,1570,0,4400,3700,2,0,0,0,55,44,43,40,28,0,140,0,30,5,0,0,0,21,14,0,0,0,0,0,0,5,3,1,28,1,30,1,31,1,35,1,32,1,29,1,36,1,3,28,30,31,178,29,0,0,0,0,0
179,MSG_MON_NAME_179,0,0,2,1,0,0,20,0,62,4580,0,4400,3800,2,0,0,0,54,50,45,55,34,0,143,0,30,6,0,0,0,22,17,0,0,0,0,0,0,5,3,1,28,1,30,1,31,1,35,1,32,1,29,1,36,1,3,28,30,31,179,123,0,0,0,0,0
180,MSG_MON_NAME_180,0,0,2,1,0,37,20,0,62,2090,0,4400,3900,1,0,0,0,31,42,50,70,51,0,84,0,30,7,0,0,0,25,25,0,0,0,0,0,0,3,3,1,28,1,30,1,31,1,35,1,32,1,29,1,36,1,3,28,30,31,180,223,0,0,0,0,0
181,MSG_MON_NAME_181,0,0,2,1,0,0,22,0,63,1100,0,4400,4000,1,0,0,0,49,45,55,41,71,0,145,0,30,14,0,0,0,27,35,0,0,0,0,0,0,3,3,1,28,1,30,1,31,1,35,1,32,1,29,1,36,1,3,28,30,31,181,183,0,0,0,0,0
182,MSG_MON_NAME_182,0,0,2,1,0,0,22,0,63,2110,0,4400,4100,1,0,0,0,47,41,56,41,71,0,145,0,30,14,0,0,0,28,35,0,0,0,0,0,0,5,3,1,28,1,30,1,31,1,35,1,32,1,29,1,36,1,3,28,30,31,182,188,0,0,0,0,0
183,MSG_MON_NAME_183,0,0,2,1,0,0,22,0,63,2520,0,4600,4200,1,0,0,0,51,41,57,42,71,0,147,0,30,14,0,0,0,28,35,0,0,0,0,0,0,5,3,1,28,1,30,1,31,1,35,1,32,1,29,1,36,1,3,28,30,31,183,184,0,0,0,0,0
184,MSG_MON_NAME_184,0,0,2,1,0,0,20,0,64,1130,0,4600,4300,2,0,0,0,55,55,41,43,29,0,147,0,30,5,0,0,0,20,14,0,0,0,0,0,0,5,3,1,3,1,3,1,3,1,3,1,3,1,3,1,11,1,3,3,3,3,184,190,0,0,0,0,0
185,MSG_MON_NAME_185,0,0,2,1,0,60,23,0,85,10000,0,5000,5400,2,0,0,0,50,50,50,50,50,0,170,0,40,10,0,0,0,25,25,0,0,0,0,0,0,100,12,1,12,1,12,1,12,1,12,1,148,1,164,1,72,1,12,12,12,12,185,198,0,0,0,0,0
186,MSG_MON_NAME_186,0,0,2,1,0,60,23,0,85,10000,0,4000,2900,2,0,0,0,60,60,60,60,60,0,170,0,45,15,0,0,0,30,30,0,0,0,0,0,0,100,12,1,12,1,12,1,12,1,12,1,148,1,202,1,72,1,12,12,12,12,186,199,0,0,0,0,0
187,MSG_MON_NAME_187,0,0,2,1,0,60,23,0,85,15000,0,5600,5800,2,0,0,0,70,70,70,70,70,0,170,0,50,20,0,0,0,35,35,0,0,0,0,0,0,100,12,1,12,1,12,1,12,1,12,1,148,1,189,1,72,1,12,12,12,12,187,197,0,0,0,0,0
188,MSG_MON_NAME_188,0,0,2,1,0,29,20,0,65,2160,0,4600,4600,2,0,0,0,53,44,42,47,39,0,153,0,31,6,0,0,0,21,19,0,0,0,0,0,0,5,3,1,28,1,30,1,31,1,35,1,32,1,29,1,36,1,3,28,30,31,188,192,0,0,0,0,0
189,MSG_MON_NAME_189,0,0,2,1,0,0,20,0,65,2570,0,4600,4700,2,0,0,0,75,42,42,60,47,0,153,0,31,8,0,0,0,21,23,0,0,0,0,0,0,5,3,1,28,1,30,1,31,1,35,1,32,1,29,1,36,1,3,28,30,31,189,181,0,0,0,0,0
190,MSG_MON_NAME_190,0,0,2,1,0,0,20,0,65,2180,0,4800,4800,1,0,0,0,48,42,43,45,35,0,155,0,35,10,0,0,0,21,17,0,0,0,0,0,0,3,3,1,24,1,24,1,21,1,21,1,35,1,36,1,29,1,3,24,24,21,190,179,0,0,0,0,0
191,MSG_MON_NAME_191,0,0,6,2,0,0,23,0,64,6500,0,4800,4900,2,0,0,0,41,40,34,23,34,0,150,0,32,7,0,0,0,17,17,0,0,0,0,1,2,5,3,1,28,1,30,1,31,1,35,1,32,1,29,1,36,1,3,28,30,31,191,172,0,0,0,0,0
192,MSG_MON_NAME_192,0,0,2,1,0,29,20,0,66,3600,0,4800,5000,2,0,0,0,51,42,42,58,42,0,157,0,32,8,0,0,0,21,21,0,0,0,0,0,0,5,3,1,23,1,23,1,26,1,26,1,28,1,31,1,31,1,3,23,23,26,192,221,0,0,0,0,0
193,MSG_MON_NAME_193,0,0,2,1,0,0,20,0,66,6220,0,4800,5100,2,0,0,0,48,43,43,60,42,0,157,0,32,7,0,0,0,21,21,0,0,0,0,0,0,5,3,1,28,1,30,1,31,1,35,1,32,1,29,1,36,1,3,28,30,31,193,194,0,0,0,0,0
194,MSG_MON_NAME_194,0,0,2,1,0,0,20,0,67,4240,0,4800,5200,3,0,0,0,48,30,43,50,31,0,107,0,32,6,0,0,0,21,15,0,0,0,0,0,0,5,3,1,28,1,30,1,31,1,35,1,32,1,29,1,36,1,3,28,30,31,194,203,0,0,0,0,0
195,MSG_MON_NAME_195,0,0,2,1,0,0,20,0,67,4960,0,5000,5300,2,0,0,0,68,46,33,30,30,0,160,0,32,7,0,0,0,16,15,0,0,0,0,0,0,5,3,1,28,1,30,1,31,1,35,1,32,1,29,1,36,1,3,28,30,31,195,205,0,0,0,0,0
196,MSG_MON_NAME_196,0,0,6,2,0,0,23,0,8,120,0,132,500,1,0,0,0,3,4,4,35,49,0,10,0,6,30,0,0,0,2,17,0,0,0,0,1,2,8,2,1,16,1,16,1,16,1,20,1,20,1,23,1,23,1,2,16,16,16,196,10,0,0,0,0,0
197,MSG_MON_NAME_197,0,0,6,2,0,61,23,0,13,480,0,160,700,2,0,0,0,10,7,15,8,21,0,20,0,8,13,0,0,0,7,7,0,0,0,0,1,2,8,2,1,18,1,18,1,34,1,34,1,19,1,22,1,22,1,2,18,18,34,197,28,0,0,0,0,0
198,MSG_MON_NAME_198,0,0,6,2,0,0,23,0,39,60000,0,1560,560,2,0,0,0,39,31,30,30,58,0,62,0,4,17,0,0,0,15,21,0,0,0,0,1,2,0,0,0,0,0,0,0,0,0,0,0,0,0,0,0,0,0,0,0,0,0,198,52,0,0,0,0,0
199,MSG_MON_NAME_199,0,0,6,2,0,0,23,0,11,450,0,240,1000,2,0,0,0,12,16,13,9,21,0,24,0,29,10,0,0,0,6,7,0,0,0,0,1,2,8,2,1,18,1,16,1,17,1,33,1,21,1,27,1,27,1,2,18,16,17,199,63,0,0,0,0,0
200,MSG_MON_NAME_200,0,0,6,2,0,29,23,0,16,980,0,360,1200,2,0,0,0,17,16,16,15,22,0,35,0,28,10,0,0,0,8,8,0,0,0,0,1,2,8,3,1,3,1,3,1,3,1,3,1,3,1,3,1,11,1,3,3,3,3,200,74,0,0,0,0,0
201,MSG_MON_NAME_201,0,0,6,2,0,29,23,0,17,1400,0,500,1500,2,0,0,0,17,15,21,21,21,0,36,0,24,10,0,0,0,10,7,0,0,0,0,1,2,8,3,1,3,1,3,1,3,1,3,1,3,1,3,1,11,1,3,3,3,3,201,81,0,0,0,0,0
202,MSG_MON_NAME_202,0,0,6,2,0,46,23,0,19,2100,0,700,1800,2,0,0,0,20,16,22,18,58,0,41,0,25,13,0,0,0,11,21,0,0,0,0,1,2,8,3,1,3,1,3,1,3,1,3,1,3,1,3,1,11,1,3,3,3,3,202,107,0,0,0,0,0
203,MSG_MON_NAME_203,0,0,6,2,0,62,23,76,22,1600,0,1040,2100,2,0,0,0,22,33,26,28,56,0,47,0,39,14,0,0,0,19,30,0,0,0,0,1,2,8,3,1,3,1,3,1,3,1,3,1,3,1,3,1,11,1,3,3,3,3,203,185,0,0,0,0,0
204,MSG_MON_NAME_204,0,0,6,2,0,41,23,0,24,1950,0,1320,2500,2,0,0,0,28,14,25,30,61,0,55,0,27,16,0,0,0,12,22,0,0,0,0,1,2,8,3,1,3,1,3,1,3,1,3,1,3,1,3,1,11,1,3,3,3,3,204,102,0,0,0,0,0
205,MSG_MON_NAME_205,0,0,6,2,0,0,23,0,30,2250,0,1640,3300,2,0,0,0,24,15,29,30,56,0,60,0,28,99,0,0,0,14,20,0,0,0,0,1,2,8,3,1,3,1,3,1,3,1,3,1,3,1,3,1,11,1,3,3,3,3,205,122,0,0,0,0,0
206,MSG_MON_NAME_206,0,0,6,2,0,63,23,0,54,5000,0,2200,3400,2,0,0,0,25,45,1,28,44,0,107,0,29,10,0,0,0,14,16,0,0,0,0,1,2,8,3,1,3,1,3,1,3,1,3,1,3,1,3,1,11,1,3,3,3,3,206,222,0,0,0,0,0
207,MSG_MON_NAME_207,0,0,6,2,0,0,23,0,68,7000,0,5000,5600,2,0,0,0,35,26,34,35,47,0,157,0,35,10,0,0,0,17,17,0,0,0,0,1,2,0,0,0,0,0,0,0,0,0,0,0,0,0,0,0,0,0,0,0,0,0,207,215,0,0,0,0,0
208,MSG_MON_NAME_208,0,0,6,2,0,64,23,0,68,7000,0,5000,5700,2,0,0,0,37,29,36,36,84,0,160,0,36,17,0,0,0,18,30,0,0,0,0,1,2,8,3,1,3,1,3,1,3,1,3,1,3,1,3,1,11,1,3,3,3,3,208,214,0,0,0,0,0
209,MSG_MON_NAME_209,0,0,6,2,0,65,23,0,50,7500,0,2800,3500,2,0,0,0,39,34,30,40,58,0,143,0,40,17,0,0,0,15,21,0,0,0,0,1,2,8,3,1,3,1,3,1,3,1,3,1,3,1,3,1,11,1,3,3,3,3,209,47,0,0,0,0,0
210,MSG_MON_NAME_210,0,0,6,2,0,29,23,0,45,4500,0,3400,4000,2,0,0,0,38,28,37,34,46,0,110,0,40,10,0,0,0,18,16,0,0,0,0,1,2,8,3,1,3,1,3,1,3,1,3,1,3,1,3,1,11,1,3,3,3,3,210,195,0,0,0,0,0
211,MSG_MON_NAME_211,0,0,6,2,0,0,23,0,44,4500,0,4000,4200,2,0,0,0,36,29,40,33,47,0,110,0,42,11,0,0,0,20,17,0,0,0,0,1,2,8,3,1,3,1,3,1,3,1,3,1,3,1,3,1,11,1,3,3,3,3,211,166,0,0,0,0,0
212,MSG_MON_NAME_212,0,0,6,2,0,69,23,0,55,7800,0,4400,4500,2,0,0,0,43,32,38,26,54,0,135,0,44,11,0,0,0,19,19,0,0,0,0,1,2,8,3,1,3,1,3,1,3,1,3,1,3,1,3,1,11,1,3,3,3,3,212,170,0,0,0,0,0
213,MSG_MON_NAME_213,0,0,2,1,0,69,23,0,60,5500,0,4600,4800,2,0,0,0,43,29,43,33,99,0,163,0,46,16,0,0,0,21,40,0,0,0,0,1,2,8,3,1,28,1,30,1,31,1,35,1,32,1,29,1,36,1,3,28,30,31,213,182,0,0,0,0,0
214,MSG_MON_NAME_214,0,0,6,2,0,70,23,76,61,7040,0,4200,3450,2,0,0,0,41,50,41,37,99,0,137,0,46,16,0,0,0,20,40,0,0,0,0,1,2,8,3,1,3,1,3,1,3,1,3,1,3,1,3,1,11,1,3,3,3,3,214,186,0,0,0,0,0
215,MSG_MON_NAME_215,0,0,6,2,0,69,23,0,68,9000,0,4800,5000,3,0,0,0,41,30,46,39,99,0,150,0,46,17,0,0,0,23,42,0,0,0,0,1,2,8,3,1,28,1,30,1,31,1,35,1,32,1,29,1,36,1,3,28,30,31,215,187,0,0,0,0,0
216,MSG_MON_NAME_216,0,0,6,2,0,69,23,0,70,12000,0,5000,5200,2,0,0,0,50,39,45,60,70,0,165,0,46,10,0,0,0,22,25,0,0,0,0,1,2,8,3,1,3,1,3,1,3,1,3,1,3,1,3,1,11,1,3,3,3,3,216,189,0,0,0,0,0
217,MSG_MON_NAME_217,0,0,6,2,0,69,23,0,80,12000,0,5400,5600,2,0,0,0,52,39,38,47,63,0,163,0,46,10,0,0,0,19,22,0,0,0,0,1,2,8,3,1,3,1,3,1,3,1,3,1,3,1,3,1,11,1,3,3,3,3,217,191,0,0,0,0,0
218,MSG_MON_NAME_218,0,0,6,2,0,69,23,0,75,10000,0,5200,5400,2,0,0,0,49,38,39,40,67,0,160,0,46,13,0,0,0,19,24,0,0,0,0,1,2,8,3,1,3,1,3,1,3,1,3,1,3,1,3,1,11,1,3,3,3,3,218,193,0,0,0,0,0
219,MSG_MON_NAME_219,0,0,6,2,0,69,23,0,112,21000,0,0,0,2,0,0,0,53,42,42,62,86,0,175,0,48,12,0,0,0,21,31,0,0,0,0,1,2,8,3,1,3,1,3,1,3,1,3,1,3,1,3,1,11,1,3,3,3,3,219,200,0,0,0,0,0
220,MSG_MON_NAME_220,0,0,2,1,0,0,23,0,96,10000,0,3400,1550,2,0,0,0,54,39,40,65,72,0,175,0,45,10,0,0,0,20,26,0,0,0,0,0,0,0,0,0,0,0,0,0,0,0,0,0,0,0,0,0,0,0,0,0,0,0,220,201,0,0,0,0,0
221,MSG_MON_NAME_221,0,0,6,2,0,69,23,0,85,23000,0,6000,6400,3,0,0,0,60,40,46,56,89,0,202,0,46,10,0,0,0,23,32,0,0,0,0,1,2,8,3,1,3,1,3,1,3,1,3,1,3,1,3,1,11,1,3,3,3,3,221,202,0,0,0,0,0
222,MSG_MON_NAME_222,0,0,6,2,0,69,23,0,88,29000,0,7000,6800,2,0,0,0,88,62,40,41,57,0,255,0,46,10,0,0,0,20,20,0,0,0,0,1,2,8,3,1,3,1,3,1,3,1,3,1,3,1,3,1,11,1,3,3,3,3,222,204,0,0,0,0,0
223,MSG_MON_NAME_223,0,0,6,2,0,69,23,0,89,32000,0,8000,7000,2,0,0,0,54,40,45,60,77,0,185,0,46,10,0,0,0,22,27,0,0,0,0,1,2,8,3,1,3,1,3,1,3,1,3,1,3,1,3,1,11,1,3,3,3,3,223,220,0,0,0,0,0
224,MSG_MON_NAME_224,0,0,6,2,0,69,23,0,98,35000,0,9000,7200,2,0,0,0,44,41,40,66,88,0,185,0,46,10,0,0,0,20,31,0,0,0,0,1,2,8,3,1,3,1,3,1,3,1,3,1,3,1,3,1,11,1,3,3,3,3,224,224,0,0,0,0,0
225,MSG_MON_NAME_225,0,0,6,3,0,69,23,0,99,65000,0,0,0,2,0,0,0,51,35,31,45,91,0,185,0,55,16,0,0,0,15,40,0,0,0,0,1,2,0,0,0,0,0,0,0,0,0,0,0,0,0,0,0,0,0,0,0,0,0,225,206,0,0,0,0,0
